name,mle,cilow,cihigh,areacutoff,nmutations,patient
wmis,0.9190660743962067,0.5052408181186613,1.6718412662131168,0.03,0,PD13634
wnon,1.3358328803055788,0.4118338769164115,4.332935156929021,0.03,0,PD13634
wspl,2.1834402987153996,0.26235678280000163,18.171481930728884,0.03,0,PD13634
wtru,1.4683526027322176,0.5077709350210734,4.246125993526979,0.03,0,PD13634
wall,0.9708999251104827,0.5429470727898029,1.736166768035009,0.03,0,PD13634
wmis,0.9959471544519088,0.7620216684286528,1.301683108967558,0.08,0,PD13634
wnon,0.8250717957903462,0.42445303995123085,1.6038133883713575,0.08,0,PD13634
wspl,1.4724166189445433,0.637371663230377,3.4014858595313124,0.08,0,PD13634
wtru,0.9996540697186007,0.5837058741131397,1.7120065146222345,0.08,0,PD13634
wall,0.9944332176008346,0.7640812614317101,1.2942306979430247,0.08,0,PD13634
wmis,1.09347038808099,0.8743743211667174,1.3674663821491737,0.13,0,PD13634
wnon,1.4141620241460686,0.8864907427994309,2.255922294486243,0.13,0,PD13634
wspl,1.324316261104847,0.6618202526190412,2.649984723928139,0.13,0,PD13634
wtru,1.3865855568368137,0.9271860426614517,2.0736070410525724,0.13,0,PD13634
wall,1.1203168348247325,0.8992775999534312,1.3956867272760964,0.13,0,PD13634
wmis,1.1096350480021808,0.9025156516547431,1.364286522341478,0.18000000000000002,0,PD13634
wnon,1.427182863225836,0.9311144372533776,2.1875409118280293,0.18000000000000002,0,PD13634
wspl,1.3697666331681235,0.7259422840102215,2.5845865031803523,0.18000000000000002,0,PD13634
wtru,1.4098959208776225,0.974906979078265,2.038970435504267,0.18000000000000002,0,PD13634
wall,1.1372342432914895,0.9282358480366036,1.3932899993577577,0.18000000000000002,0,PD13634
wmis,1.1590809942135445,0.9517162426421331,1.4116274273278673,0.23,0,PD13634
wnon,1.5105674340637703,1.0091897156870162,2.261035697634547,0.23,0,PD13634
wspl,1.3977535176955203,0.7587234407009529,2.5750026840152,0.23,0,PD13634
wtru,1.4769662948439821,1.03990622437054,2.097717452768965,0.23,0,PD13634
wall,1.1876908595406035,0.9782936457223634,1.441908146908913,0.23,0,PD13634
wmis,1.1343968556772603,0.9363487687828781,1.374334296229371,0.28,0,PD13634
wnon,1.3888782985910297,0.9310222291563376,2.0718978214355803,0.28,0,PD13634
wspl,1.4170435838720237,0.7848668626758677,2.558411641621482,0.28,0,PD13634
wtru,1.397103864628584,0.9886501244581996,1.9743073512783964,0.28,0,PD13634
wall,1.157583005204972,0.9583418651604141,1.3982467662675635,0.28,0,PD13634
wmis,1.1268216195861822,0.9320992011027801,1.362222991785203,0.33000000000000007,0,PD13634
wnon,1.3795207459882826,0.9298606601673901,2.0466265217301296,0.33000000000000007,0,PD13634
wspl,1.3874736506683953,0.7695618208940752,2.5015314936784767,0.33000000000000007,0,PD13634
wtru,1.3818227352359331,0.981541588114679,1.9453419954242692,0.33000000000000007,0,PD13634
wall,1.1494673137966929,0.953640761654617,1.3855061136381197,0.33000000000000007,0,PD13634
wmis,1.107499455457857,0.9183387238882131,1.3356237866636613,0.38,0,PD13634
wnon,1.414184357500154,0.9617320592529996,2.079495403898158,0.38,0,PD13634
wspl,1.5713017550853725,0.8997497877443376,2.744084232266505,0.38,0,PD13634
wtru,1.4592108100116308,1.0471986827820916,2.0333258846333733,0.38,0,PD13634
wall,1.138264721024344,0.9467953408220751,1.3684547433489218,0.38,0,PD13634
wmis,1.1049566186105415,0.91721231602111,1.331130325754524,0.43000000000000005,0,PD13634
wnon,1.3910094047209454,0.9468464937675164,2.0435278334538625,0.43000000000000005,0,PD13634
wspl,1.8059478023762807,1.0725137371920472,3.0409377071910777,0.43000000000000005,0,PD13634
wtru,1.5109786896801738,1.0915921038921945,2.091492410514074,0.43000000000000005,0,PD13634
wall,1.1397437065574707,0.9491050791073504,1.3686742861592402,0.43000000000000005,0,PD13634
wmis,1.1006403704798615,0.9151508998391062,1.32372620225039,0.48,0,PD13634
wnon,1.3592240689518873,0.9262401219120701,1.9946124400271994,0.48,0,PD13634
wspl,1.966300290297015,1.1915046856282736,3.244919535992784,0.48,0,PD13634
wtru,1.533557361771106,1.112879705977136,2.1132546215113317,0.48,0,PD13634
wall,1.1369086198802605,0.9482921560143476,1.3630411279480015,0.48,0,PD13634
wmis,1.1198974268463417,0.9316411415174541,1.346194570813252,0.53,0,PD13634
wnon,1.358412945053699,0.926063976239471,1.992611500538804,0.53,0,PD13634
wspl,1.9887349779219068,1.2052119887092283,3.2816358030473043,0.53,0,PD13634
wtru,1.5378539819809962,1.1162955682927405,2.118609924710015,0.53,0,PD13634
wall,1.1547730312803859,0.963620898549278,1.3838437457926283,0.53,0,PD13634
wmis,1.124794872459597,0.9363684361093565,1.351138565037711,0.5800000000000001,0,PD13634
wnon,1.426483486171289,0.9801632503138092,2.0760369618713153,0.5800000000000001,0,PD13634
wspl,1.9968977207624488,1.2103729624513924,3.294522127386336,0.5800000000000001,0,PD13634
wtru,1.58774761252915,1.1572761318678113,2.1783413756432406,0.5800000000000001,0,PD13634
wall,1.163804601298444,0.971880147017887,1.3936298155275542,0.5800000000000001,0,PD13634
wmis,1.1257710075113385,0.9377534319810279,1.3514857084295209,0.6300000000000001,0,PD13634
wnon,1.4854260825848051,1.027772602591524,2.146866574629042,0.6300000000000001,0,PD13634
wspl,1.9989094265789538,1.2118447532282732,3.297154099171604,0.6300000000000001,0,PD13634
wtru,1.6296267696550715,1.1922014327671047,2.2275458956734946,0.6300000000000001,0,PD13634
wall,1.1685874408458437,0.9765153803027018,1.398438400918302,0.6300000000000001,0,PD13634
wmis,1.1218890588139014,0.9349435862639229,1.3462149789335467,0.68,0,PD13634
wnon,1.4546345744424698,1.006686991943901,2.101906314571054,0.68,0,PD13634
wspl,1.9678162370486756,1.1940138111515985,3.2430954371102834,0.68,0,PD13634
wtru,1.5984972073093595,1.1697490504710568,2.1843944397705193,0.68,0,PD13634
wall,1.1625906746523875,0.9719235019691213,1.3906619955689015,0.68,0,PD13634
wmis,1.1218890588139014,0.9349435862639229,1.3462149789335467,0.7300000000000001,0,PD13634
wnon,1.4546345744424698,1.006686991943901,2.101906314571054,0.7300000000000001,0,PD13634
wspl,1.9678162370486756,1.1940138111515985,3.2430954371102834,0.7300000000000001,0,PD13634
wtru,1.5984972073093595,1.1697490504710568,2.1843944397705193,0.7300000000000001,0,PD13634
wall,1.1625906746523875,0.9719235019691213,1.3906619955689015,0.7300000000000001,0,PD13634
wmis,1.1285684801010802,0.9406566542892043,1.3540188212882978,0.78,0,PD13634
wnon,1.4529475832461336,1.0057110691705693,2.099068752819646,0.78,0,PD13634
wspl,1.975306607204512,1.1986012196417757,3.2553247306322084,0.78,0,PD13634
wtru,1.5988311961991786,1.170136745500309,2.1845833008574815,0.78,0,PD13634
wall,1.1687311406742873,0.9771902293155365,1.3978163495746119,0.78,0,PD13634
wmis,1.1326492979271907,0.9441570514283666,1.3587722828041513,0.8300000000000001,0,PD13634
wnon,1.4508937775100181,1.0043859234794514,2.095900295301538,0.8300000000000001,0,PD13634
wspl,1.9479982709728216,1.18297546557326,3.207756520862606,0.8300000000000001,0,PD13634
wtru,1.5909426509693836,1.1644791925108344,2.173588446192816,0.8300000000000001,0,PD13634
wall,1.17183862777856,0.9798548566094085,1.401437937763193,0.8300000000000001,0,PD13634
wmis,1.1272965344865877,0.9400212003654521,1.351881719445713,0.8800000000000001,0,PD13634
wnon,1.4461497762136448,1.0012404508073356,2.0887581734801532,0.8800000000000001,0,PD13634
wspl,1.9410015791815587,1.1788501056521175,3.1959000659385803,0.8800000000000001,0,PD13634
wtru,1.5855893325878465,1.1607480275492834,2.165925310185055,0.8800000000000001,0,PD13634
wall,1.1664048461341283,0.9756503500372569,1.3944547501399724,0.8800000000000001,0,PD13634
wmis,1.1272965344865877,0.9400212003654521,1.351881719445713,0.93,0,PD13634
wnon,1.4461497762136448,1.0012404508073356,2.0887581734801532,0.93,0,PD13634
wspl,1.9410015791815587,1.1788501056521175,3.1959000659385803,0.93,0,PD13634
wtru,1.5855893325878465,1.1607480275492834,2.165925310185055,0.93,0,PD13634
wall,1.1664048461341283,0.9756503500372569,1.3944547501399724,0.93,0,PD13634
wmis,1.1272965344865877,0.9400212003654521,1.351881719445713,0.9800000000000001,0,PD13634
wnon,1.4461497762136448,1.0012404508073356,2.0887581734801532,0.9800000000000001,0,PD13634
wspl,1.9410015791815587,1.1788501056521175,3.1959000659385803,0.9800000000000001,0,PD13634
wtru,1.5855893325878465,1.1607480275492834,2.165925310185055,0.9800000000000001,0,PD13634
wall,1.1664048461341283,0.9756503500372569,1.3944547501399724,0.9800000000000001,0,PD13634
wmis,1.1290841566102556,0.9415723514431955,1.3539384740368534,1.03,0,PD13634
wnon,1.4453846380540858,1.000787169184179,2.0874935413348292,1.03,0,PD13634
wspl,1.9421784231138863,1.1796177906757501,3.1976942506507124,1.03,0,PD13634
wtru,1.5852403124342234,1.1605531686871204,2.1653353900273076,1.03,0,PD13634
wall,1.1679938919344375,0.9770319096983675,1.3962796077124215,1.03,0,PD13634
wmis,1.1290841566102556,0.9415723514431955,1.3539384740368534,1.08,0,PD13634
wnon,1.4453846380540858,1.000787169184179,2.0874935413348292,1.08,0,PD13634
wspl,1.9421784231138863,1.1796177906757501,3.1976942506507124,1.08,0,PD13634
wtru,1.5852403124342234,1.1605531686871204,2.1653353900273076,1.08,0,PD13634
wall,1.1679938919344375,0.9770319096983675,1.3962796077124215,1.08,0,PD13634
wmis,1.1290841566102556,0.9415723514431955,1.3539384740368534,1.1300000000000001,0,PD13634
wnon,1.4453846380540858,1.000787169184179,2.0874935413348292,1.1300000000000001,0,PD13634
wspl,1.9421784231138863,1.1796177906757501,3.1976942506507124,1.1300000000000001,0,PD13634
wtru,1.5852403124342234,1.1605531686871204,2.1653353900273076,1.1300000000000001,0,PD13634
wall,1.1679938919344375,0.9770319096983675,1.3962796077124215,1.1300000000000001,0,PD13634
wmis,1.1290841566102556,0.9415723514431955,1.3539384740368534,1.1800000000000002,0,PD13634
wnon,1.4453846380540858,1.000787169184179,2.0874935413348292,1.1800000000000002,0,PD13634
wspl,1.9421784231138863,1.1796177906757501,3.1976942506507124,1.1800000000000002,0,PD13634
wtru,1.5852403124342234,1.1605531686871204,2.1653353900273076,1.1800000000000002,0,PD13634
wall,1.1679938919344375,0.9770319096983675,1.3962796077124215,1.1800000000000002,0,PD13634
wmis,1.1290841566102556,0.9415723514431955,1.3539384740368534,1.2300000000000002,0,PD13634
wnon,1.4453846380540858,1.000787169184179,2.0874935413348292,1.2300000000000002,0,PD13634
wspl,1.9421784231138863,1.1796177906757501,3.1976942506507124,1.2300000000000002,0,PD13634
wtru,1.5852403124342234,1.1605531686871204,2.1653353900273076,1.2300000000000002,0,PD13634
wall,1.1679938919344375,0.9770319096983675,1.3962796077124215,1.2300000000000002,0,PD13634
wmis,1.1290841566102556,0.9415723514431955,1.3539384740368534,1.28,0,PD13634
wnon,1.4453846380540858,1.000787169184179,2.0874935413348292,1.28,0,PD13634
wspl,1.9421784231138863,1.1796177906757501,3.1976942506507124,1.28,0,PD13634
wtru,1.5852403124342234,1.1605531686871204,2.1653353900273076,1.28,0,PD13634
wall,1.1679938919344375,0.9770319096983675,1.3962796077124215,1.28,0,PD13634
wmis,1.1290841566102556,0.9415723514431955,1.3539384740368534,1.33,0,PD13634
wnon,1.4453846380540858,1.000787169184179,2.0874935413348292,1.33,0,PD13634
wspl,1.9421784231138863,1.1796177906757501,3.1976942506507124,1.33,0,PD13634
wtru,1.5852403124342234,1.1605531686871204,2.1653353900273076,1.33,0,PD13634
wall,1.1679938919344375,0.9770319096983675,1.3962796077124215,1.33,0,PD13634
wmis,1.1290841566102556,0.9415723514431955,1.3539384740368534,1.3800000000000001,0,PD13634
wnon,1.4453846380540858,1.000787169184179,2.0874935413348292,1.3800000000000001,0,PD13634
wspl,1.9421784231138863,1.1796177906757501,3.1976942506507124,1.3800000000000001,0,PD13634
wtru,1.5852403124342234,1.1605531686871204,2.1653353900273076,1.3800000000000001,0,PD13634
wall,1.1679938919344375,0.9770319096983675,1.3962796077124215,1.3800000000000001,0,PD13634
wmis,1.1290841566102556,0.9415723514431955,1.3539384740368534,1.4300000000000002,0,PD13634
wnon,1.4453846380540858,1.000787169184179,2.0874935413348292,1.4300000000000002,0,PD13634
wspl,1.9421784231138863,1.1796177906757501,3.1976942506507124,1.4300000000000002,0,PD13634
wtru,1.5852403124342234,1.1605531686871204,2.1653353900273076,1.4300000000000002,0,PD13634
wall,1.1679938919344375,0.9770319096983675,1.3962796077124215,1.4300000000000002,0,PD13634
wmis,1.1290841566102556,0.9415723514431955,1.3539384740368534,1.4800000000000002,0,PD13634
wnon,1.4453846380540858,1.000787169184179,2.0874935413348292,1.4800000000000002,0,PD13634
wspl,1.9421784231138863,1.1796177906757501,3.1976942506507124,1.4800000000000002,0,PD13634
wtru,1.5852403124342234,1.1605531686871204,2.1653353900273076,1.4800000000000002,0,PD13634
wall,1.1679938919344375,0.9770319096983675,1.3962796077124215,1.4800000000000002,0,PD13634
wmis,1.1290841566102556,0.9415723514431955,1.3539384740368534,1.53,0,PD13634
wnon,1.4453846380540858,1.000787169184179,2.0874935413348292,1.53,0,PD13634
wspl,1.9421784231138863,1.1796177906757501,3.1976942506507124,1.53,0,PD13634
wtru,1.5852403124342234,1.1605531686871204,2.1653353900273076,1.53,0,PD13634
wall,1.1679938919344375,0.9770319096983675,1.3962796077124215,1.53,0,PD13634
wmis,1.1290841566102556,0.9415723514431955,1.3539384740368534,1.58,0,PD13634
wnon,1.4453846380540858,1.000787169184179,2.0874935413348292,1.58,0,PD13634
wspl,1.9421784231138863,1.1796177906757501,3.1976942506507124,1.58,0,PD13634
wtru,1.5852403124342234,1.1605531686871204,2.1653353900273076,1.58,0,PD13634
wall,1.1679938919344375,0.9770319096983675,1.3962796077124215,1.58,0,PD13634
wmis,1.1290841566102556,0.9415723514431955,1.3539384740368534,1.6300000000000001,0,PD13634
wnon,1.4453846380540858,1.000787169184179,2.0874935413348292,1.6300000000000001,0,PD13634
wspl,1.9421784231138863,1.1796177906757501,3.1976942506507124,1.6300000000000001,0,PD13634
wtru,1.5852403124342234,1.1605531686871204,2.1653353900273076,1.6300000000000001,0,PD13634
wall,1.1679938919344375,0.9770319096983675,1.3962796077124215,1.6300000000000001,0,PD13634
wmis,1.1290841566102556,0.9415723514431955,1.3539384740368534,1.6800000000000002,0,PD13634
wnon,1.4453846380540858,1.000787169184179,2.0874935413348292,1.6800000000000002,0,PD13634
wspl,1.9421784231138863,1.1796177906757501,3.1976942506507124,1.6800000000000002,0,PD13634
wtru,1.5852403124342234,1.1605531686871204,2.1653353900273076,1.6800000000000002,0,PD13634
wall,1.1679938919344375,0.9770319096983675,1.3962796077124215,1.6800000000000002,0,PD13634
wmis,1.1290841566102556,0.9415723514431955,1.3539384740368534,1.7300000000000002,0,PD13634
wnon,1.4453846380540858,1.000787169184179,2.0874935413348292,1.7300000000000002,0,PD13634
wspl,1.9421784231138863,1.1796177906757501,3.1976942506507124,1.7300000000000002,0,PD13634
wtru,1.5852403124342234,1.1605531686871204,2.1653353900273076,1.7300000000000002,0,PD13634
wall,1.1679938919344375,0.9770319096983675,1.3962796077124215,1.7300000000000002,0,PD13634
wmis,1.1290841566102556,0.9415723514431955,1.3539384740368534,1.78,0,PD13634
wnon,1.4453846380540858,1.000787169184179,2.0874935413348292,1.78,0,PD13634
wspl,1.9421784231138863,1.1796177906757501,3.1976942506507124,1.78,0,PD13634
wtru,1.5852403124342234,1.1605531686871204,2.1653353900273076,1.78,0,PD13634
wall,1.1679938919344375,0.9770319096983675,1.3962796077124215,1.78,0,PD13634
wmis,1.1290841566102556,0.9415723514431955,1.3539384740368534,1.83,0,PD13634
wnon,1.4453846380540858,1.000787169184179,2.0874935413348292,1.83,0,PD13634
wspl,1.9421784231138863,1.1796177906757501,3.1976942506507124,1.83,0,PD13634
wtru,1.5852403124342234,1.1605531686871204,2.1653353900273076,1.83,0,PD13634
wall,1.1679938919344375,0.9770319096983675,1.3962796077124215,1.83,0,PD13634
wmis,1.1290841566102556,0.9415723514431955,1.3539384740368534,1.8800000000000001,0,PD13634
wnon,1.4453846380540858,1.000787169184179,2.0874935413348292,1.8800000000000001,0,PD13634
wspl,1.9421784231138863,1.1796177906757501,3.1976942506507124,1.8800000000000001,0,PD13634
wtru,1.5852403124342234,1.1605531686871204,2.1653353900273076,1.8800000000000001,0,PD13634
wall,1.1679938919344375,0.9770319096983675,1.3962796077124215,1.8800000000000001,0,PD13634
wmis,1.1290841566102556,0.9415723514431955,1.3539384740368534,1.9300000000000002,0,PD13634
wnon,1.4453846380540858,1.000787169184179,2.0874935413348292,1.9300000000000002,0,PD13634
wspl,1.9421784231138863,1.1796177906757501,3.1976942506507124,1.9300000000000002,0,PD13634
wtru,1.5852403124342234,1.1605531686871204,2.1653353900273076,1.9300000000000002,0,PD13634
wall,1.1679938919344375,0.9770319096983675,1.3962796077124215,1.9300000000000002,0,PD13634
wmis,1.1290841566102556,0.9415723514431955,1.3539384740368534,1.9800000000000002,0,PD13634
wnon,1.4453846380540858,1.000787169184179,2.0874935413348292,1.9800000000000002,0,PD13634
wspl,1.9421784231138863,1.1796177906757501,3.1976942506507124,1.9800000000000002,0,PD13634
wtru,1.5852403124342234,1.1605531686871204,2.1653353900273076,1.9800000000000002,0,PD13634
wall,1.1679938919344375,0.9770319096983675,1.3962796077124215,1.9800000000000002,0,PD13634
wmis,1.1290841566102556,0.9415723514431955,1.3539384740368534,2.03,0,PD13634
wnon,1.4453846380540858,1.000787169184179,2.0874935413348292,2.03,0,PD13634
wspl,1.9421784231138863,1.1796177906757501,3.1976942506507124,2.03,0,PD13634
wtru,1.5852403124342234,1.1605531686871204,2.1653353900273076,2.03,0,PD13634
wall,1.1679938919344375,0.9770319096983675,1.3962796077124215,2.03,0,PD13634
wmis,1.1290841566102556,0.9415723514431955,1.3539384740368534,2.08,0,PD13634
wnon,1.4453846380540858,1.000787169184179,2.0874935413348292,2.08,0,PD13634
wspl,1.9421784231138863,1.1796177906757501,3.1976942506507124,2.08,0,PD13634
wtru,1.5852403124342234,1.1605531686871204,2.1653353900273076,2.08,0,PD13634
wall,1.1679938919344375,0.9770319096983675,1.3962796077124215,2.08,0,PD13634
wmis,1.1290841566102556,0.9415723514431955,1.3539384740368534,2.13,0,PD13634
wnon,1.4453846380540858,1.000787169184179,2.0874935413348292,2.13,0,PD13634
wspl,1.9421784231138863,1.1796177906757501,3.1976942506507124,2.13,0,PD13634
wtru,1.5852403124342234,1.1605531686871204,2.1653353900273076,2.13,0,PD13634
wall,1.1679938919344375,0.9770319096983675,1.3962796077124215,2.13,0,PD13634
wmis,1.1290841566102556,0.9415723514431955,1.3539384740368534,2.1799999999999997,0,PD13634
wnon,1.4453846380540858,1.000787169184179,2.0874935413348292,2.1799999999999997,0,PD13634
wspl,1.9421784231138863,1.1796177906757501,3.1976942506507124,2.1799999999999997,0,PD13634
wtru,1.5852403124342234,1.1605531686871204,2.1653353900273076,2.1799999999999997,0,PD13634
wall,1.1679938919344375,0.9770319096983675,1.3962796077124215,2.1799999999999997,0,PD13634
wmis,1.1290841566102556,0.9415723514431955,1.3539384740368534,2.23,0,PD13634
wnon,1.4453846380540858,1.000787169184179,2.0874935413348292,2.23,0,PD13634
wspl,1.9421784231138863,1.1796177906757501,3.1976942506507124,2.23,0,PD13634
wtru,1.5852403124342234,1.1605531686871204,2.1653353900273076,2.23,0,PD13634
wall,1.1679938919344375,0.9770319096983675,1.3962796077124215,2.23,0,PD13634
wmis,1.1290841566102556,0.9415723514431955,1.3539384740368534,2.28,0,PD13634
wnon,1.4453846380540858,1.000787169184179,2.0874935413348292,2.28,0,PD13634
wspl,1.9421784231138863,1.1796177906757501,3.1976942506507124,2.28,0,PD13634
wtru,1.5852403124342234,1.1605531686871204,2.1653353900273076,2.28,0,PD13634
wall,1.1679938919344375,0.9770319096983675,1.3962796077124215,2.28,0,PD13634
wmis,1.1290841566102556,0.9415723514431955,1.3539384740368534,2.33,0,PD13634
wnon,1.4453846380540858,1.000787169184179,2.0874935413348292,2.33,0,PD13634
wspl,1.9421784231138863,1.1796177906757501,3.1976942506507124,2.33,0,PD13634
wtru,1.5852403124342234,1.1605531686871204,2.1653353900273076,2.33,0,PD13634
wall,1.1679938919344375,0.9770319096983675,1.3962796077124215,2.33,0,PD13634
wmis,1.1290841566102556,0.9415723514431955,1.3539384740368534,2.38,0,PD13634
wnon,1.4453846380540858,1.000787169184179,2.0874935413348292,2.38,0,PD13634
wspl,1.9421784231138863,1.1796177906757501,3.1976942506507124,2.38,0,PD13634
wtru,1.5852403124342234,1.1605531686871204,2.1653353900273076,2.38,0,PD13634
wall,1.1679938919344375,0.9770319096983675,1.3962796077124215,2.38,0,PD13634
wmis,1.1290841566102556,0.9415723514431955,1.3539384740368534,2.43,0,PD13634
wnon,1.4453846380540858,1.000787169184179,2.0874935413348292,2.43,0,PD13634
wspl,1.9421784231138863,1.1796177906757501,3.1976942506507124,2.43,0,PD13634
wtru,1.5852403124342234,1.1605531686871204,2.1653353900273076,2.43,0,PD13634
wall,1.1679938919344375,0.9770319096983675,1.3962796077124215,2.43,0,PD13634
wmis,1.1290841566102556,0.9415723514431955,1.3539384740368534,2.48,0,PD13634
wnon,1.4453846380540858,1.000787169184179,2.0874935413348292,2.48,0,PD13634
wspl,1.9421784231138863,1.1796177906757501,3.1976942506507124,2.48,0,PD13634
wtru,1.5852403124342234,1.1605531686871204,2.1653353900273076,2.48,0,PD13634
wall,1.1679938919344375,0.9770319096983675,1.3962796077124215,2.48,0,PD13634
wmis,0.9360599205327682,0.5075688903159157,1.726284237559264,0.03,0,PD18003
wnon,1.2843155433835713,0.33804958052765166,4.879362407141682,0.03,0,PD18003
wspl,3.081383264277298,0.6024807636608888,15.759711170981909,0.03,0,PD18003
wtru,1.7092458751239477,0.5762136733383553,5.070205024296081,0.03,0,PD18003
wall,0.9936811016283251,0.545304507448412,1.810735319892242,0.03,0,PD18003
wmis,1.2556388438618113,1.008270021261214,1.5636970979683293,0.08,0,PD18003
wnon,2.204453312778001,1.4831672004834022,3.276511513087688,0.08,0,PD18003
wspl,2.5979829797501583,1.4894884678375766,4.531431903511402,0.08,0,PD18003
wtru,2.316458731225804,1.643117852930239,3.265731087945327,0.08,0,PD18003
wall,1.3482167474917588,1.0872906353078213,1.6717594534442521,0.08,0,PD18003
wmis,1.2075152993268354,1.0117983845142091,1.4410906564240522,0.13,0,PD18003
wnon,1.9193006191755988,1.3873125319891082,2.655288395244423,0.13,0,PD18003
wspl,2.762489836800332,1.7675318631383548,4.31751769661183,0.13,0,PD18003
wtru,2.140824665965891,1.6188990254140578,2.8310167456155977,0.13,0,PD18003
wall,1.2898819818865335,1.0847139529587204,1.5338564813859719,0.13,0,PD18003
wmis,1.246371859912375,1.0622013917405932,1.4624748425869214,0.18000000000000002,0,PD18003
wnon,2.081272977311233,1.5634273398953893,2.7706418427963553,0.18000000000000002,0,PD18003
wspl,2.787769265145013,1.8711785441058089,4.1533489683108,0.18000000000000002,0,PD18003
wtru,2.269484084623174,1.7706949529543468,2.9087777099970538,0.18000000000000002,0,PD18003
wall,1.3377103832399841,1.1437532524786962,1.5645586716802766,0.18000000000000002,0,PD18003
wmis,1.2659670178064981,1.086567031066704,1.4749872252248473,0.23,0,PD18003
wnon,1.9817408471569309,1.5056137710984174,2.6084357493788857,0.23,0,PD18003
wspl,2.9564128607314184,2.024991560088031,4.316253546616346,0.23,0,PD18003
wtru,2.2301216731146494,1.7581588684799057,2.8287788811688523,0.23,0,PD18003
wall,1.3526109253907437,1.164490398425493,1.5711218555001794,0.23,0,PD18003
wmis,1.2718558157547746,1.0971554358675277,1.4743737880587386,0.28,0,PD18003
wnon,2.0113382256085934,1.5441343020579594,2.6199025903398896,0.28,0,PD18003
wspl,2.9695966199580988,2.069216651920427,4.261759674648939,0.28,0,PD18003
wtru,2.2595602716638576,1.797828295035934,2.8398777766369494,0.28,0,PD18003
wall,1.3601827022050303,1.1767609484357593,1.5721944085900106,0.28,0,PD18003
wmis,1.2913410087401853,1.1161110898288529,1.4940820999366895,0.33000000000000007,0,PD18003
wnon,2.0655163280369364,1.593384191843994,2.6775448904446653,0.33000000000000007,0,PD18003
wspl,3.0475453199300726,2.1398296557419045,4.340313936722028,0.33000000000000007,0,PD18003
wtru,2.3208258344241144,1.8541361909745715,2.904982158241178,0.33000000000000007,0,PD18003
wall,1.3824368429133416,1.1981938678510502,1.5950103534345441,0.33000000000000007,0,PD18003
wmis,1.3305078474903098,1.1516521271380225,1.53714050494793,0.38,0,PD18003
wnon,2.120923713105618,1.6400838018510704,2.7427363112401473,0.38,0,PD18003
wspl,3.002865356343979,2.1097868258367565,4.273986470057024,0.38,0,PD18003
wtru,2.3525533021192966,1.8824137412494604,2.940111898906376,0.38,0,PD18003
wall,1.4197745164917874,1.232167488142997,1.6359461656608434,0.38,0,PD18003
wmis,1.334662756995217,1.1566443693699786,1.54007983964886,0.43000000000000005,0,PD18003
wnon,2.1082479166726498,1.6342515540412828,2.7197216163958378,0.43000000000000005,0,PD18003
wspl,3.026800838847129,2.13508033628816,4.290950163483311,0.43000000000000005,0,PD18003
wtru,2.348082941508184,1.8828226314774839,2.9283127406829563,0.43000000000000005,0,PD18003
wall,1.4234813497456884,1.2368414714950775,1.638285261105001,0.43000000000000005,0,PD18003
wmis,1.3398237395965924,1.1615803136778238,1.5454184545387313,0.48,0,PD18003
wnon,2.194039784237789,1.7064202964388693,2.8209993662546977,0.48,0,PD18003
wspl,3.1570931978246155,2.2393201377475296,4.451010506151312,0.48,0,PD18003
wtru,2.4460268596808827,1.9666930681029837,3.0421866509406064,0.48,0,PD18003
wall,1.4365663659119472,1.2487695421835894,1.6526051076332688,0.48,0,PD18003
wmis,1.3505036312791319,1.17190471607177,1.5563211181636922,0.53,0,PD18003
wnon,2.172143687453223,1.6921713310323816,2.78825678725117,0.53,0,PD18003
wspl,3.0863345635325725,2.1900761449996264,4.349374362989291,0.53,0,PD18003
wtru,2.4109987525071794,1.9408577925449977,2.995023647234271,0.53,0,PD18003
wall,1.4442497709411601,1.256535878194134,1.6600062418124841,0.53,0,PD18003
wmis,1.3503430504965739,1.1720935895313003,1.555700304404488,0.5800000000000001,0,PD18003
wnon,2.1977844884291913,1.7148931274843005,2.8166517085912,0.5800000000000001,0,PD18003
wspl,3.0864209042248674,2.1903425426635876,4.3490886984517365,0.5800000000000001,0,PD18003
wtru,2.4290122563827605,1.957194423876323,3.01457048399526,0.5800000000000001,0,PD18003
wall,1.4459233213204836,1.2583587901342446,1.6614452630917915,0.5800000000000001,0,PD18003
wmis,1.3588817476411141,1.1799889774440824,1.5648956383235995,0.6300000000000001,0,PD18003
wnon,2.2202950766923926,1.7338015262227495,2.843295586620181,0.6300000000000001,0,PD18003
wspl,3.066867111277366,2.1776798608121517,4.3191260788566925,0.6300000000000001,0,PD18003
wtru,2.442132160489186,1.9689048002789549,3.029099979059728,0.6300000000000001,0,PD18003
wall,1.4547169083088565,1.2664961417262635,1.6709101698764333,0.6300000000000001,0,PD18003
wmis,1.3573815381537027,1.1790056769724289,1.5627445025131954,0.68,0,PD18003
wnon,2.2426110281997347,1.7526432517176442,2.8695538689201,0.68,0,PD18003
wspl,3.0639128291677897,2.1758127323101775,4.3145081768005324,0.68,0,PD18003
wtru,2.4580994812433925,1.982799184953792,3.04733485142614,0.68,0,PD18003
wall,1.4544738598794777,1.2666257777372778,1.6701809218282786,0.68,0,PD18003
wmis,1.3565981709150763,1.1786152728866093,1.5614582974330633,0.7300000000000001,0,PD18003
wnon,2.2290169815633822,1.742511866902702,2.8513531520043083,0.7300000000000001,0,PD18003
wspl,3.06042930720544,2.1735341214344124,4.309215784577044,0.7300000000000001,0,PD18003
wtru,2.446199137543612,1.9736275347093915,3.031924775715199,0.7300000000000001,0,PD18003
wall,1.4527393055612488,1.265411203527286,1.6677989605590462,0.7300000000000001,0,PD18003
wmis,1.3580763544960317,1.180261938808147,1.562679710322368,0.78,0,PD18003
wnon,2.2256960716531045,1.7402187398315463,2.846609388801079,0.78,0,PD18003
wspl,3.1038636270946283,2.210075570111907,4.359113120784918,0.78,0,PD18003
wtru,2.4556179434862857,1.9822050531156905,3.0420967169332878,0.78,0,PD18003
wall,1.4544306848925046,1.2672558329473618,1.6692514346033764,0.78,0,PD18003
wmis,1.359288631351877,1.1813422724007543,1.5640391667078712,0.8300000000000001,0,PD18003
wnon,2.2234948210201337,1.7385947565615532,2.843635183210287,0.8300000000000001,0,PD18003
wspl,3.105316018400508,2.211130874775136,4.361111178059707,0.8300000000000001,0,PD18003
wtru,2.4540754540457264,1.981025074738943,3.0400858681424676,0.8300000000000001,0,PD18003
wall,1.4554218924541207,1.2681418142225953,1.6703596248289305,0.8300000000000001,0,PD18003
wmis,1.363411687063481,1.1850104640655912,1.5686708976760533,0.8800000000000001,0,PD18003
wnon,2.2282368039368894,1.7422847462074849,2.8497289350816644,0.8800000000000001,0,PD18003
wspl,3.101338779467068,2.208603836093963,4.354924168762097,0.8800000000000001,0,PD18003
wtru,2.4571567854790164,1.9835481682301035,3.0438481732525147,0.8800000000000001,0,PD18003
wall,1.4592970250762995,1.271589990750787,1.6747126219035313,0.8800000000000001,0,PD18003
wmis,1.364527767825995,1.186006576494687,1.5699204929126578,0.93,0,PD18003
wnon,2.2276053419655786,1.7418494933415822,2.8488256755375554,0.93,0,PD18003
wspl,3.102242300351569,2.209287695939526,4.3561131978322605,0.93,0,PD18003
wtru,2.456802200802493,1.9833053684836943,3.04334226578664,0.93,0,PD18003
wall,1.4602739561187503,1.2724633105738337,1.6758047239547302,0.93,0,PD18003
wmis,1.366404518185218,1.1876678968339838,1.572039887828981,0.9800000000000001,0,PD18003
wnon,2.2278403447904984,1.7420890426206215,2.8490349691942285,0.9800000000000001,0,PD18003
wspl,3.0914677183149846,2.2019873197982403,4.340248723257564,0.9800000000000001,0,PD18003
wtru,2.454734139880179,1.9817289869581007,3.0406376134925477,0.9800000000000001,0,PD18003
wall,1.461938823813071,1.2739420680244116,1.6776784268427116,0.9800000000000001,0,PD18003
wmis,1.3731288121274063,1.1936524964805215,1.5795909950791862,1.03,0,PD18003
wnon,2.226892541713542,1.741529936205534,2.8475252071429997,1.03,0,PD18003
wspl,3.0919584333464667,2.2026480022215646,4.340324438539441,1.03,0,PD18003
wtru,2.4539640360469686,1.9812193721103126,3.039511714342671,1.03,0,PD18003
wall,1.4678791149291979,1.27923389831429,1.6843433393100669,1.03,0,PD18003
wmis,1.3759519134860847,1.196151557633611,1.582779085261979,1.08,0,PD18003
wnon,2.2469495910426196,1.7583777719908835,2.8712729113779827,1.08,0,PD18003
wspl,3.1599624254267806,2.2569692191260415,4.424235140422385,1.08,0,PD18003
wtru,2.4868358541006303,2.0093102508915885,3.077848511695114,1.08,0,PD18003
wall,1.4734439618339523,1.2841620101952274,1.6906255530288405,1.08,0,PD18003
wmis,1.376793369388422,1.1969045806740708,1.583718545821243,1.1300000000000001,0,PD18003
wnon,2.2478793958898153,1.7591041385208148,2.8724631292806038,1.1300000000000001,0,PD18003
wspl,3.1565378901840013,2.2546939444195058,4.419105961954642,1.1300000000000001,0,PD18003
wtru,2.486915497801599,2.009400370712863,3.077907610324391,1.1300000000000001,0,PD18003
wall,1.4741968041597269,1.2848363754428338,1.6914653561592337,1.1300000000000001,0,PD18003
wmis,1.3796143231161633,1.1993832816483756,1.586928640468804,1.1800000000000002,0,PD18003
wnon,2.251240689702353,1.7617072238472178,2.8768030092445436,1.1800000000000002,0,PD18003
wspl,3.16142078801716,2.2581750114785817,4.425955184209971,1.1800000000000002,0,PD18003
wtru,2.4906849646189717,2.012416921444819,3.0826174868998737,1.1800000000000002,0,PD18003
wall,1.4769906098817835,1.2872918908709146,1.6946438310918537,1.1800000000000002,0,PD18003
wmis,1.3796143231161633,1.1993832816483756,1.586928640468804,1.2300000000000002,0,PD18003
wnon,2.251240689702353,1.7617072238472178,2.8768030092445436,1.2300000000000002,0,PD18003
wspl,3.16142078801716,2.2581750114785817,4.425955184209971,1.2300000000000002,0,PD18003
wtru,2.4906849646189717,2.012416921444819,3.0826174868998737,1.2300000000000002,0,PD18003
wall,1.4769906098817835,1.2872918908709146,1.6946438310918537,1.2300000000000002,0,PD18003
wmis,1.380419578357365,1.200102881283053,1.5878290453523918,1.28,0,PD18003
wnon,2.248308381390176,1.7595054531970762,2.872904183754828,1.28,0,PD18003
wspl,3.161245354169187,2.2581031577698676,4.425604806791003,1.28,0,PD18003
wtru,2.4882103627923016,2.0104778440504587,3.07946234166588,1.28,0,PD18003
wall,1.4775346781648546,1.287780179213882,1.6952495157305387,1.28,0,PD18003
wmis,1.380419578357365,1.200102881283053,1.5878290453523918,1.33,0,PD18003
wnon,2.248308381390176,1.7595054531970762,2.872904183754828,1.33,0,PD18003
wspl,3.161245354169187,2.2581031577698676,4.425604806791003,1.33,0,PD18003
wtru,2.4882103627923016,2.0104778440504587,3.07946234166588,1.33,0,PD18003
wall,1.4775346781648546,1.287780179213882,1.6952495157305387,1.33,0,PD18003
wmis,1.380419578357365,1.200102881283053,1.5878290453523918,1.3800000000000001,0,PD18003
wnon,2.248308381390176,1.7595054531970762,2.872904183754828,1.3800000000000001,0,PD18003
wspl,3.161245354169187,2.2581031577698676,4.425604806791003,1.3800000000000001,0,PD18003
wtru,2.4882103627923016,2.0104778440504587,3.07946234166588,1.3800000000000001,0,PD18003
wall,1.4775346781648546,1.287780179213882,1.6952495157305387,1.3800000000000001,0,PD18003
wmis,1.380419578357365,1.200102881283053,1.5878290453523918,1.4300000000000002,0,PD18003
wnon,2.248308381390176,1.7595054531970762,2.872904183754828,1.4300000000000002,0,PD18003
wspl,3.161245354169187,2.2581031577698676,4.425604806791003,1.4300000000000002,0,PD18003
wtru,2.4882103627923016,2.0104778440504587,3.07946234166588,1.4300000000000002,0,PD18003
wall,1.4775346781648546,1.287780179213882,1.6952495157305387,1.4300000000000002,0,PD18003
wmis,1.380419578357365,1.200102881283053,1.5878290453523918,1.4800000000000002,0,PD18003
wnon,2.248308381390176,1.7595054531970762,2.872904183754828,1.4800000000000002,0,PD18003
wspl,3.161245354169187,2.2581031577698676,4.425604806791003,1.4800000000000002,0,PD18003
wtru,2.4882103627923016,2.0104778440504587,3.07946234166588,1.4800000000000002,0,PD18003
wall,1.4775346781648546,1.287780179213882,1.6952495157305387,1.4800000000000002,0,PD18003
wmis,1.3823261647867848,1.201793248370077,1.5899786660023965,1.53,0,PD18003
wnon,2.2505756857093524,1.7612681659763785,2.875820397456757,1.53,0,PD18003
wspl,3.1644698968263167,2.2604119650993173,4.430108264570248,1.53,0,PD18003
wtru,2.4907398293123095,2.012511673354408,3.082608155500726,1.53,0,PD18003
wall,1.4794054138967152,1.2894386633771857,1.6973590453186926,1.53,0,PD18003
wmis,1.3823261647867848,1.201793248370077,1.5899786660023965,1.58,0,PD18003
wnon,2.2505756857093524,1.7612681659763785,2.875820397456757,1.58,0,PD18003
wspl,3.1644698968263167,2.2604119650993173,4.430108264570248,1.58,0,PD18003
wtru,2.4907398293123095,2.012511673354408,3.082608155500726,1.58,0,PD18003
wall,1.4794054138967152,1.2894386633771857,1.6973590453186926,1.58,0,PD18003
wmis,1.3823261647867848,1.201793248370077,1.5899786660023965,1.6300000000000001,0,PD18003
wnon,2.2505756857093524,1.7612681659763785,2.875820397456757,1.6300000000000001,0,PD18003
wspl,3.1644698968263167,2.2604119650993173,4.430108264570248,1.6300000000000001,0,PD18003
wtru,2.4907398293123095,2.012511673354408,3.082608155500726,1.6300000000000001,0,PD18003
wall,1.4794054138967152,1.2894386633771857,1.6973590453186926,1.6300000000000001,0,PD18003
wmis,1.3823261647867848,1.201793248370077,1.5899786660023965,1.6800000000000002,0,PD18003
wnon,2.2505756857093524,1.7612681659763785,2.875820397456757,1.6800000000000002,0,PD18003
wspl,3.1644698968263167,2.2604119650993173,4.430108264570248,1.6800000000000002,0,PD18003
wtru,2.4907398293123095,2.012511673354408,3.082608155500726,1.6800000000000002,0,PD18003
wall,1.4794054138967152,1.2894386633771857,1.6973590453186926,1.6800000000000002,0,PD18003
wmis,1.3823261647867848,1.201793248370077,1.5899786660023965,1.7300000000000002,0,PD18003
wnon,2.2505756857093524,1.7612681659763785,2.875820397456757,1.7300000000000002,0,PD18003
wspl,3.1644698968263167,2.2604119650993173,4.430108264570248,1.7300000000000002,0,PD18003
wtru,2.4907398293123095,2.012511673354408,3.082608155500726,1.7300000000000002,0,PD18003
wall,1.4794054138967152,1.2894386633771857,1.6973590453186926,1.7300000000000002,0,PD18003
wmis,1.3823261647867848,1.201793248370077,1.5899786660023965,1.78,0,PD18003
wnon,2.2505756857093524,1.7612681659763785,2.875820397456757,1.78,0,PD18003
wspl,3.1644698968263167,2.2604119650993173,4.430108264570248,1.78,0,PD18003
wtru,2.4907398293123095,2.012511673354408,3.082608155500726,1.78,0,PD18003
wall,1.4794054138967152,1.2894386633771857,1.6973590453186926,1.78,0,PD18003
wmis,1.3823261647867848,1.201793248370077,1.5899786660023965,1.83,0,PD18003
wnon,2.2505756857093524,1.7612681659763785,2.875820397456757,1.83,0,PD18003
wspl,3.1644698968263167,2.2604119650993173,4.430108264570248,1.83,0,PD18003
wtru,2.4907398293123095,2.012511673354408,3.082608155500726,1.83,0,PD18003
wall,1.4794054138967152,1.2894386633771857,1.6973590453186926,1.83,0,PD18003
wmis,1.3823261647867848,1.201793248370077,1.5899786660023965,1.8800000000000001,0,PD18003
wnon,2.2505756857093524,1.7612681659763785,2.875820397456757,1.8800000000000001,0,PD18003
wspl,3.1644698968263167,2.2604119650993173,4.430108264570248,1.8800000000000001,0,PD18003
wtru,2.4907398293123095,2.012511673354408,3.082608155500726,1.8800000000000001,0,PD18003
wall,1.4794054138967152,1.2894386633771857,1.6973590453186926,1.8800000000000001,0,PD18003
wmis,1.3823261647867848,1.201793248370077,1.5899786660023965,1.9300000000000002,0,PD18003
wnon,2.2505756857093524,1.7612681659763785,2.875820397456757,1.9300000000000002,0,PD18003
wspl,3.1644698968263167,2.2604119650993173,4.430108264570248,1.9300000000000002,0,PD18003
wtru,2.4907398293123095,2.012511673354408,3.082608155500726,1.9300000000000002,0,PD18003
wall,1.4794054138967152,1.2894386633771857,1.6973590453186926,1.9300000000000002,0,PD18003
wmis,1.3823261647867848,1.201793248370077,1.5899786660023965,1.9800000000000002,0,PD18003
wnon,2.2505756857093524,1.7612681659763785,2.875820397456757,1.9800000000000002,0,PD18003
wspl,3.1644698968263167,2.2604119650993173,4.430108264570248,1.9800000000000002,0,PD18003
wtru,2.4907398293123095,2.012511673354408,3.082608155500726,1.9800000000000002,0,PD18003
wall,1.4794054138967152,1.2894386633771857,1.6973590453186926,1.9800000000000002,0,PD18003
wmis,1.3823261647867848,1.201793248370077,1.5899786660023965,2.03,0,PD18003
wnon,2.2505756857093524,1.7612681659763785,2.875820397456757,2.03,0,PD18003
wspl,3.1644698968263167,2.2604119650993173,4.430108264570248,2.03,0,PD18003
wtru,2.4907398293123095,2.012511673354408,3.082608155500726,2.03,0,PD18003
wall,1.4794054138967152,1.2894386633771857,1.6973590453186926,2.03,0,PD18003
wmis,1.383440244359679,1.2027875716233012,1.5912260442888755,2.08,0,PD18003
wnon,2.2499435511001384,1.760831597014707,2.874917733029992,2.08,0,PD18003
wspl,3.165375520496258,2.2610992059287285,4.431297025572783,2.08,0,PD18003
wtru,2.4903815116714267,2.0122654213863296,3.0820984189064164,2.08,0,PD18003
wall,1.4803805513037451,1.2903103540590075,1.6984491907581476,2.08,0,PD18003
wmis,1.383440244359679,1.2027875716233012,1.5912260442888755,2.13,0,PD18003
wnon,2.2499435511001384,1.760831597014707,2.874917733029992,2.13,0,PD18003
wspl,3.165375520496258,2.2610992059287285,4.431297025572783,2.13,0,PD18003
wtru,2.4903815116714267,2.0122654213863296,3.0820984189064164,2.13,0,PD18003
wall,1.4803805513037451,1.2903103540590075,1.6984491907581476,2.13,0,PD18003
wmis,1.383440244359679,1.2027875716233012,1.5912260442888755,2.1799999999999997,0,PD18003
wnon,2.2499435511001384,1.760831597014707,2.874917733029992,2.1799999999999997,0,PD18003
wspl,3.165375520496258,2.2610992059287285,4.431297025572783,2.1799999999999997,0,PD18003
wtru,2.4903815116714267,2.0122654213863296,3.0820984189064164,2.1799999999999997,0,PD18003
wall,1.4803805513037451,1.2903103540590075,1.6984491907581476,2.1799999999999997,0,PD18003
wmis,1.383440244359679,1.2027875716233012,1.5912260442888755,2.23,0,PD18003
wnon,2.2499435511001384,1.760831597014707,2.874917733029992,2.23,0,PD18003
wspl,3.165375520496258,2.2610992059287285,4.431297025572783,2.23,0,PD18003
wtru,2.4903815116714267,2.0122654213863296,3.0820984189064164,2.23,0,PD18003
wall,1.4803805513037451,1.2903103540590075,1.6984491907581476,2.23,0,PD18003
wmis,1.383440244359679,1.2027875716233012,1.5912260442888755,2.28,0,PD18003
wnon,2.2499435511001384,1.760831597014707,2.874917733029992,2.28,0,PD18003
wspl,3.165375520496258,2.2610992059287285,4.431297025572783,2.28,0,PD18003
wtru,2.4903815116714267,2.0122654213863296,3.0820984189064164,2.28,0,PD18003
wall,1.4803805513037451,1.2903103540590075,1.6984491907581476,2.28,0,PD18003
wmis,1.383440244359679,1.2027875716233012,1.5912260442888755,2.33,0,PD18003
wnon,2.2499435511001384,1.760831597014707,2.874917733029992,2.33,0,PD18003
wspl,3.165375520496258,2.2610992059287285,4.431297025572783,2.33,0,PD18003
wtru,2.4903815116714267,2.0122654213863296,3.0820984189064164,2.33,0,PD18003
wall,1.4803805513037451,1.2903103540590075,1.6984491907581476,2.33,0,PD18003
wmis,1.383440244359679,1.2027875716233012,1.5912260442888755,2.38,0,PD18003
wnon,2.2499435511001384,1.760831597014707,2.874917733029992,2.38,0,PD18003
wspl,3.165375520496258,2.2610992059287285,4.431297025572783,2.38,0,PD18003
wtru,2.4903815116714267,2.0122654213863296,3.0820984189064164,2.38,0,PD18003
wall,1.4803805513037451,1.2903103540590075,1.6984491907581476,2.38,0,PD18003
wmis,1.383440244359679,1.2027875716233012,1.5912260442888755,2.43,0,PD18003
wnon,2.2499435511001384,1.760831597014707,2.874917733029992,2.43,0,PD18003
wspl,3.165375520496258,2.2610992059287285,4.431297025572783,2.43,0,PD18003
wtru,2.4903815116714267,2.0122654213863296,3.0820984189064164,2.43,0,PD18003
wall,1.4803805513037451,1.2903103540590075,1.6984491907581476,2.43,0,PD18003
wmis,1.383440244359679,1.2027875716233012,1.5912260442888755,2.48,0,PD18003
wnon,2.2499435511001384,1.760831597014707,2.874917733029992,2.48,0,PD18003
wspl,3.165375520496258,2.2610992059287285,4.431297025572783,2.48,0,PD18003
wtru,2.4903815116714267,2.0122654213863296,3.0820984189064164,2.48,0,PD18003
wall,1.4803805513037451,1.2903103540590075,1.6984491907581476,2.48,0,PD18003
wmis,1.1590523581502488,0.6351110007394809,2.1152245314118074,0.03,0,PD20399
wnon,0.9917754898153852,0.21247813514021008,4.629269837809321,0.03,0,PD20399
wspl,5.497088106011853e-8,0,Inf,0.03,0,PD20399
wtru,0.6538468209020053,0.1428983489717377,2.9917467086216143,0.03,0,PD20399
wall,1.1300375312372362,0.6221840816611662,2.052422843405656,0.03,0,PD20399
wmis,1.2546164935802202,0.9790491774232686,1.6077461503070323,0.08,0,PD20399
wnon,2.0303071284819385,1.2549954014892364,3.2845913467675203,0.08,0,PD20399
wspl,2.216889210112237,1.1174293588124549,4.398128374875558,0.08,0,PD20399
wtru,2.085104468785237,1.377037656213566,3.1572561767867033,0.08,0,PD20399
wall,1.32163685995462,1.0356814524059768,1.686545593273799,0.08,0,PD20399
wmis,1.2328866416303845,0.9995900339883954,1.5206328789071284,0.13,0,PD20399
wnon,1.9882934642975643,1.3354782410974637,2.9602211241717225,0.13,0,PD20399
wspl,2.3435102809506194,1.3438427623938969,4.08681773687409,0.13,0,PD20399
wtru,2.090491264872831,1.483758453231677,2.945326929050523,0.13,0,PD20399
wall,1.3033233897666727,1.0605655600695723,1.6016471986903478,0.13,0,PD20399
wmis,1.268770172043687,1.0419620040053708,1.5449486097186609,0.18000000000000002,0,PD20399
wnon,2.0051003227594615,1.3882221151355567,2.8960980094583144,0.18000000000000002,0,PD20399
wspl,2.451413583145429,1.4655166957573271,4.100552776387478,0.18000000000000002,0,PD20399
wtru,2.1302175561587093,1.5508428262614689,2.9260391573695914,0.18000000000000002,0,PD20399
wall,1.3414228438498008,1.1054200671089467,1.627811272422597,0.18000000000000002,0,PD20399
wmis,1.2367525177945689,1.021750517144582,1.4969963455910507,0.23,0,PD20399
wnon,2.055997529251986,1.4472696970532595,2.9207588944182206,0.23,0,PD20399
wspl,2.3279559134174503,1.4101704038154665,3.8430665685169565,0.23,0,PD20399
wtru,2.1330235073139594,1.5721154962116073,2.8940553628011187,0.23,0,PD20399
wall,1.3134677069898575,1.0888784191688619,1.5843802089695496,0.23,0,PD20399
wmis,1.2475694062620097,1.03414173366265,1.5050445918360649,0.28,0,PD20399
wnon,2.1075302165651117,1.4925520985180414,2.975898541930393,0.28,0,PD20399
wspl,2.283330172680192,1.3863231328213843,3.7607369840689815,0.28,0,PD20399
wtru,2.157603914085624,1.5972051126319597,2.9146254374345366,0.28,0,PD20399
wall,1.3248742964472138,1.1018893210739344,1.5929838576489144,0.28,0,PD20399
wmis,1.2510658007486584,1.0388573441478464,1.506622296718473,0.33000000000000007,0,PD20399
wnon,2.1170257106992554,1.507263727853585,2.9734662733136825,0.33000000000000007,0,PD20399
wspl,2.3571791962246578,1.444428554854694,3.8467072285712836,0.33000000000000007,0,PD20399
wtru,2.1846006209067057,1.624632844552956,2.9375744118845444,0.33000000000000007,0,PD20399
wall,1.3307005697588932,1.108697321203475,1.5971572876486286,0.33000000000000007,0,PD20399
wmis,1.259306497823847,1.0459901503514508,1.516125993087525,0.38,0,PD20399
wnon,2.1962846973767225,1.5698926401359845,3.0726091381085356,0.38,0,PD20399
wspl,2.362134463743645,1.4478949464762823,3.853649215631734,0.38,0,PD20399
wtru,2.2429591323592697,1.6718825465340121,3.0091023318972736,0.38,0,PD20399
wall,1.3429881262069032,1.119227083947354,1.6114845083730722,0.38,0,PD20399
wmis,1.2713625890148925,1.0568762219277794,1.529377612260353,0.43000000000000005,0,PD20399
wnon,2.249567158822964,1.6114791319368622,3.140315193515702,0.43000000000000005,0,PD20399
wspl,2.3782689690432326,1.4581074178001112,3.879112896666815,0.43000000000000005,0,PD20399
wtru,2.2857720032626787,1.7061478226562337,3.062310065704194,0.43000000000000005,0,PD20399
wall,1.356919857481726,1.131725804296645,1.6269236705904504,0.43000000000000005,0,PD20399
wmis,1.272558096499474,1.058515662806521,1.5298820469720007,0.48,0,PD20399
wnon,2.245902062423413,1.6092692328152203,3.1343891818361205,0.48,0,PD20399
wspl,2.3481100054147395,1.4407316308194453,3.826958803141446,0.48,0,PD20399
wtru,2.274898962619365,1.6987304970134085,3.0464898930261652,0.48,0,PD20399
wall,1.3571423970506944,1.1325641344004185,1.6262527038679144,0.48,0,PD20399
wmis,1.2792704609333698,1.0642210745921221,1.5377753281609288,0.53,0,PD20399
wnon,2.2312911322951376,1.5988355609748333,3.113928810804881,0.53,0,PD20399
wspl,2.356544093744177,1.445904685820108,3.8407096402836305,0.53,0,PD20399
wtru,2.266611420621403,1.692522784487197,3.0354258029370937,0.53,0,PD20399
wall,1.3626588276470393,1.1372665296872675,1.6327211186589727,0.53,0,PD20399
wmis,1.2770519417199482,1.062913086475647,1.5343320941303094,0.5800000000000001,0,PD20399
wnon,2.2107183081823183,1.584767689742251,3.083906537069396,0.5800000000000001,0,PD20399
wspl,2.3459781201784273,1.4398825571270166,3.8222654431880976,0.5800000000000001,0,PD20399
wtru,2.248736128185023,1.6798460518602403,3.0102842868277824,0.5800000000000001,0,PD20399
wall,1.3593922856152347,1.135110667469836,1.6279887407888527,0.5800000000000001,0,PD20399
wmis,1.2770519417199482,1.062913086475647,1.5343320941303094,0.6300000000000001,0,PD20399
wnon,2.2107183081823183,1.584767689742251,3.083906537069396,0.6300000000000001,0,PD20399
wspl,2.3459781201784273,1.4398825571270166,3.8222654431880976,0.6300000000000001,0,PD20399
wtru,2.248736128185023,1.6798460518602403,3.0102842868277824,0.6300000000000001,0,PD20399
wall,1.3593922856152347,1.135110667469836,1.6279887407888527,0.6300000000000001,0,PD20399
wmis,1.2770519417199482,1.062913086475647,1.5343320941303094,0.68,0,PD20399
wnon,2.2107183081823183,1.584767689742251,3.083906537069396,0.68,0,PD20399
wspl,2.3459781201784273,1.4398825571270166,3.8222654431880976,0.68,0,PD20399
wtru,2.248736128185023,1.6798460518602403,3.0102842868277824,0.68,0,PD20399
wall,1.3593922856152347,1.135110667469836,1.6279887407888527,0.68,0,PD20399
wmis,1.2801788610822746,1.0655712340536352,1.5380087825075601,0.7300000000000001,0,PD20399
wnon,2.1866578429567083,1.5674114792634577,3.050553466924298,0.7300000000000001,0,PD20399
wspl,2.3486746970428527,1.4415644352690595,3.8265877664356753,0.7300000000000001,0,PD20399
wtru,2.2318953774672172,1.6671708346072887,2.987910340413866,0.7300000000000001,0,PD20399
wall,1.3611949492821165,1.1366675315926285,1.630073560168506,0.7300000000000001,0,PD20399
wmis,1.2801788610822746,1.0655712340536352,1.5380087825075601,0.78,0,PD20399
wnon,2.1866578429567083,1.5674114792634577,3.050553466924298,0.78,0,PD20399
wspl,2.3486746970428527,1.4415644352690595,3.8265877664356753,0.78,0,PD20399
wtru,2.2318953774672172,1.6671708346072887,2.987910340413866,0.78,0,PD20399
wall,1.3611949492821165,1.1366675315926285,1.630073560168506,0.78,0,PD20399
wmis,1.2801788610822746,1.0655712340536352,1.5380087825075601,0.8300000000000001,0,PD20399
wnon,2.1866578429567083,1.5674114792634577,3.050553466924298,0.8300000000000001,0,PD20399
wspl,2.3486746970428527,1.4415644352690595,3.8265877664356753,0.8300000000000001,0,PD20399
wtru,2.2318953774672172,1.6671708346072887,2.987910340413866,0.8300000000000001,0,PD20399
wall,1.3611949492821165,1.1366675315926285,1.630073560168506,0.8300000000000001,0,PD20399
wmis,1.271590324090132,1.0588465103057632,1.527078699870034,0.8800000000000001,0,PD20399
wnon,2.176190368489012,1.5602298027753572,3.03532499602317,0.8800000000000001,0,PD20399
wspl,2.336366619412613,1.4342094320824053,3.8060054955710863,0.8800000000000001,0,PD20399
wtru,2.22092422101262,1.6593595343112961,2.972535061563803,0.8800000000000001,0,PD20399
wall,1.3522570610997613,1.1296607616780432,1.6187153004924144,0.8800000000000001,0,PD20399
wmis,1.276260337736142,1.0627927299946114,1.5326040569421564,0.93,0,PD20399
wnon,2.181878505607574,1.564251719161672,3.0433681196679006,0.93,0,PD20399
wspl,2.3427951859654454,1.4381486153806424,3.8164965878231887,0.93,0,PD20399
wtru,2.226820223751681,1.6637102123971386,2.9805240551867254,0.93,0,PD20399
wall,1.3568790940534488,1.1335681921639238,1.6241818433213993,0.93,0,PD20399
wmis,1.276260337736142,1.0627927299946114,1.5326040569421564,0.9800000000000001,0,PD20399
wnon,2.181878505607574,1.564251719161672,3.0433681196679006,0.9800000000000001,0,PD20399
wspl,2.3427951859654454,1.4381486153806424,3.8164965878231887,0.9800000000000001,0,PD20399
wtru,2.226820223751681,1.6637102123971386,2.9805240551867254,0.9800000000000001,0,PD20399
wall,1.3568790940534488,1.1335681921639238,1.6241818433213993,0.9800000000000001,0,PD20399
wmis,1.276260337736142,1.0627927299946114,1.5326040569421564,1.03,0,PD20399
wnon,2.181878505607574,1.564251719161672,3.0433681196679006,1.03,0,PD20399
wspl,2.3427951859654454,1.4381486153806424,3.8164965878231887,1.03,0,PD20399
wtru,2.226820223751681,1.6637102123971386,2.9805240551867254,1.03,0,PD20399
wall,1.3568790940534488,1.1335681921639238,1.6241818433213993,1.03,0,PD20399
wmis,1.276260337736142,1.0627927299946114,1.5326040569421564,1.08,0,PD20399
wnon,2.181878505607574,1.564251719161672,3.0433681196679006,1.08,0,PD20399
wspl,2.3427951859654454,1.4381486153806424,3.8164965878231887,1.08,0,PD20399
wtru,2.226820223751681,1.6637102123971386,2.9805240551867254,1.08,0,PD20399
wall,1.3568790940534488,1.1335681921639238,1.6241818433213993,1.08,0,PD20399
wmis,1.2774753918923611,1.063816226131961,1.5340463294344482,1.1300000000000001,0,PD20399
wnon,2.219794382025524,1.594539013944553,3.090226739753777,1.1300000000000001,0,PD20399
wspl,2.3458505831362424,1.4400253298559225,3.8214709452029125,1.1300000000000001,0,PD20399
wtru,2.2549626021491673,1.6867058939941586,3.0146668457120795,1.1300000000000001,0,PD20399
wall,1.3607464412724717,1.1368570410509586,1.6287279847640037,1.1300000000000001,0,PD20399
wmis,1.2774753918923611,1.063816226131961,1.5340463294344482,1.1800000000000002,0,PD20399
wnon,2.219794382025524,1.594539013944553,3.090226739753777,1.1800000000000002,0,PD20399
wspl,2.3458505831362424,1.4400253298559225,3.8214709452029125,1.1800000000000002,0,PD20399
wtru,2.2549626021491673,1.6867058939941586,3.0146668457120795,1.1800000000000002,0,PD20399
wall,1.3607464412724717,1.1368570410509586,1.6287279847640037,1.1800000000000002,0,PD20399
wmis,1.2774753918923611,1.063816226131961,1.5340463294344482,1.2300000000000002,0,PD20399
wnon,2.219794382025524,1.594539013944553,3.090226739753777,1.2300000000000002,0,PD20399
wspl,2.3458505831362424,1.4400253298559225,3.8214709452029125,1.2300000000000002,0,PD20399
wtru,2.2549626021491673,1.6867058939941586,3.0146668457120795,1.2300000000000002,0,PD20399
wall,1.3607464412724717,1.1368570410509586,1.6287279847640037,1.2300000000000002,0,PD20399
wmis,1.2774753918923611,1.063816226131961,1.5340463294344482,1.28,0,PD20399
wnon,2.219794382025524,1.594539013944553,3.090226739753777,1.28,0,PD20399
wspl,2.3458505831362424,1.4400253298559225,3.8214709452029125,1.28,0,PD20399
wtru,2.2549626021491673,1.6867058939941586,3.0146668457120795,1.28,0,PD20399
wall,1.3607464412724717,1.1368570410509586,1.6287279847640037,1.28,0,PD20399
wmis,1.27632561860596,1.0628561468821067,1.5326693922677925,1.33,0,PD20399
wnon,2.219665723815005,1.5944493973587308,3.0900422011766717,1.33,0,PD20399
wspl,2.4290645221286025,1.5026807005786829,3.926552360985023,1.33,0,PD20399
wtru,2.2783856895035908,1.7059985821709465,3.0428169193018677,1.33,0,PD20399
wall,1.3612869014609332,1.1373284605140954,1.629346395896458,1.33,0,PD20399
wmis,1.27632561860596,1.0628561468821067,1.5326693922677925,1.3800000000000001,0,PD20399
wnon,2.219665723815005,1.5944493973587308,3.0900422011766717,1.3800000000000001,0,PD20399
wspl,2.4290645221286025,1.5026807005786829,3.926552360985023,1.3800000000000001,0,PD20399
wtru,2.2783856895035908,1.7059985821709465,3.0428169193018677,1.3800000000000001,0,PD20399
wall,1.3612869014609332,1.1373284605140954,1.629346395896458,1.3800000000000001,0,PD20399
wmis,1.27632561860596,1.0628561468821067,1.5326693922677925,1.4300000000000002,0,PD20399
wnon,2.219665723815005,1.5944493973587308,3.0900422011766717,1.4300000000000002,0,PD20399
wspl,2.4290645221286025,1.5026807005786829,3.926552360985023,1.4300000000000002,0,PD20399
wtru,2.2783856895035908,1.7059985821709465,3.0428169193018677,1.4300000000000002,0,PD20399
wall,1.3612869014609332,1.1373284605140954,1.629346395896458,1.4300000000000002,0,PD20399
wmis,1.27632561860596,1.0628561468821067,1.5326693922677925,1.4800000000000002,0,PD20399
wnon,2.219665723815005,1.5944493973587308,3.0900422011766717,1.4800000000000002,0,PD20399
wspl,2.4290645221286025,1.5026807005786829,3.926552360985023,1.4800000000000002,0,PD20399
wtru,2.2783856895035908,1.7059985821709465,3.0428169193018677,1.4800000000000002,0,PD20399
wall,1.3612869014609332,1.1373284605140954,1.629346395896458,1.4800000000000002,0,PD20399
wmis,1.27632561860596,1.0628561468821067,1.5326693922677925,1.53,0,PD20399
wnon,2.219665723815005,1.5944493973587308,3.0900422011766717,1.53,0,PD20399
wspl,2.4290645221286025,1.5026807005786829,3.926552360985023,1.53,0,PD20399
wtru,2.2783856895035908,1.7059985821709465,3.0428169193018677,1.53,0,PD20399
wall,1.3612869014609332,1.1373284605140954,1.629346395896458,1.53,0,PD20399
wmis,1.27632561860596,1.0628561468821067,1.5326693922677925,1.58,0,PD20399
wnon,2.219665723815005,1.5944493973587308,3.0900422011766717,1.58,0,PD20399
wspl,2.4290645221286025,1.5026807005786829,3.926552360985023,1.58,0,PD20399
wtru,2.2783856895035908,1.7059985821709465,3.0428169193018677,1.58,0,PD20399
wall,1.3612869014609332,1.1373284605140954,1.629346395896458,1.58,0,PD20399
wmis,1.27632561860596,1.0628561468821067,1.5326693922677925,1.6300000000000001,0,PD20399
wnon,2.219665723815005,1.5944493973587308,3.0900422011766717,1.6300000000000001,0,PD20399
wspl,2.4290645221286025,1.5026807005786829,3.926552360985023,1.6300000000000001,0,PD20399
wtru,2.2783856895035908,1.7059985821709465,3.0428169193018677,1.6300000000000001,0,PD20399
wall,1.3612869014609332,1.1373284605140954,1.629346395896458,1.6300000000000001,0,PD20399
wmis,1.27632561860596,1.0628561468821067,1.5326693922677925,1.6800000000000002,0,PD20399
wnon,2.219665723815005,1.5944493973587308,3.0900422011766717,1.6800000000000002,0,PD20399
wspl,2.4290645221286025,1.5026807005786829,3.926552360985023,1.6800000000000002,0,PD20399
wtru,2.2783856895035908,1.7059985821709465,3.0428169193018677,1.6800000000000002,0,PD20399
wall,1.3612869014609332,1.1373284605140954,1.629346395896458,1.6800000000000002,0,PD20399
wmis,1.27632561860596,1.0628561468821067,1.5326693922677925,1.7300000000000002,0,PD20399
wnon,2.219665723815005,1.5944493973587308,3.0900422011766717,1.7300000000000002,0,PD20399
wspl,2.4290645221286025,1.5026807005786829,3.926552360985023,1.7300000000000002,0,PD20399
wtru,2.2783856895035908,1.7059985821709465,3.0428169193018677,1.7300000000000002,0,PD20399
wall,1.3612869014609332,1.1373284605140954,1.629346395896458,1.7300000000000002,0,PD20399
wmis,1.27632561860596,1.0628561468821067,1.5326693922677925,1.78,0,PD20399
wnon,2.219665723815005,1.5944493973587308,3.0900422011766717,1.78,0,PD20399
wspl,2.4290645221286025,1.5026807005786829,3.926552360985023,1.78,0,PD20399
wtru,2.2783856895035908,1.7059985821709465,3.0428169193018677,1.78,0,PD20399
wall,1.3612869014609332,1.1373284605140954,1.629346395896458,1.78,0,PD20399
wmis,1.27632561860596,1.0628561468821067,1.5326693922677925,1.83,0,PD20399
wnon,2.219665723815005,1.5944493973587308,3.0900422011766717,1.83,0,PD20399
wspl,2.4290645221286025,1.5026807005786829,3.926552360985023,1.83,0,PD20399
wtru,2.2783856895035908,1.7059985821709465,3.0428169193018677,1.83,0,PD20399
wall,1.3612869014609332,1.1373284605140954,1.629346395896458,1.83,0,PD20399
wmis,1.27632561860596,1.0628561468821067,1.5326693922677925,1.8800000000000001,0,PD20399
wnon,2.219665723815005,1.5944493973587308,3.0900422011766717,1.8800000000000001,0,PD20399
wspl,2.4290645221286025,1.5026807005786829,3.926552360985023,1.8800000000000001,0,PD20399
wtru,2.2783856895035908,1.7059985821709465,3.0428169193018677,1.8800000000000001,0,PD20399
wall,1.3612869014609332,1.1373284605140954,1.629346395896458,1.8800000000000001,0,PD20399
wmis,1.27632561860596,1.0628561468821067,1.5326693922677925,1.9300000000000002,0,PD20399
wnon,2.219665723815005,1.5944493973587308,3.0900422011766717,1.9300000000000002,0,PD20399
wspl,2.4290645221286025,1.5026807005786829,3.926552360985023,1.9300000000000002,0,PD20399
wtru,2.2783856895035908,1.7059985821709465,3.0428169193018677,1.9300000000000002,0,PD20399
wall,1.3612869014609332,1.1373284605140954,1.629346395896458,1.9300000000000002,0,PD20399
wmis,1.27632561860596,1.0628561468821067,1.5326693922677925,1.9800000000000002,0,PD20399
wnon,2.219665723815005,1.5944493973587308,3.0900422011766717,1.9800000000000002,0,PD20399
wspl,2.4290645221286025,1.5026807005786829,3.926552360985023,1.9800000000000002,0,PD20399
wtru,2.2783856895035908,1.7059985821709465,3.0428169193018677,1.9800000000000002,0,PD20399
wall,1.3612869014609332,1.1373284605140954,1.629346395896458,1.9800000000000002,0,PD20399
wmis,1.27632561860596,1.0628561468821067,1.5326693922677925,2.03,0,PD20399
wnon,2.219665723815005,1.5944493973587308,3.0900422011766717,2.03,0,PD20399
wspl,2.4290645221286025,1.5026807005786829,3.926552360985023,2.03,0,PD20399
wtru,2.2783856895035908,1.7059985821709465,3.0428169193018677,2.03,0,PD20399
wall,1.3612869014609332,1.1373284605140954,1.629346395896458,2.03,0,PD20399
wmis,1.27632561860596,1.0628561468821067,1.5326693922677925,2.08,0,PD20399
wnon,2.219665723815005,1.5944493973587308,3.0900422011766717,2.08,0,PD20399
wspl,2.4290645221286025,1.5026807005786829,3.926552360985023,2.08,0,PD20399
wtru,2.2783856895035908,1.7059985821709465,3.0428169193018677,2.08,0,PD20399
wall,1.3612869014609332,1.1373284605140954,1.629346395896458,2.08,0,PD20399
wmis,1.27632561860596,1.0628561468821067,1.5326693922677925,2.13,0,PD20399
wnon,2.219665723815005,1.5944493973587308,3.0900422011766717,2.13,0,PD20399
wspl,2.4290645221286025,1.5026807005786829,3.926552360985023,2.13,0,PD20399
wtru,2.2783856895035908,1.7059985821709465,3.0428169193018677,2.13,0,PD20399
wall,1.3612869014609332,1.1373284605140954,1.629346395896458,2.13,0,PD20399
wmis,1.27632561860596,1.0628561468821067,1.5326693922677925,2.1799999999999997,0,PD20399
wnon,2.219665723815005,1.5944493973587308,3.0900422011766717,2.1799999999999997,0,PD20399
wspl,2.4290645221286025,1.5026807005786829,3.926552360985023,2.1799999999999997,0,PD20399
wtru,2.2783856895035908,1.7059985821709465,3.0428169193018677,2.1799999999999997,0,PD20399
wall,1.3612869014609332,1.1373284605140954,1.629346395896458,2.1799999999999997,0,PD20399
wmis,1.27632561860596,1.0628561468821067,1.5326693922677925,2.23,0,PD20399
wnon,2.219665723815005,1.5944493973587308,3.0900422011766717,2.23,0,PD20399
wspl,2.4290645221286025,1.5026807005786829,3.926552360985023,2.23,0,PD20399
wtru,2.2783856895035908,1.7059985821709465,3.0428169193018677,2.23,0,PD20399
wall,1.3612869014609332,1.1373284605140954,1.629346395896458,2.23,0,PD20399
wmis,1.27632561860596,1.0628561468821067,1.5326693922677925,2.28,0,PD20399
wnon,2.219665723815005,1.5944493973587308,3.0900422011766717,2.28,0,PD20399
wspl,2.4290645221286025,1.5026807005786829,3.926552360985023,2.28,0,PD20399
wtru,2.2783856895035908,1.7059985821709465,3.0428169193018677,2.28,0,PD20399
wall,1.3612869014609332,1.1373284605140954,1.629346395896458,2.28,0,PD20399
wmis,1.27632561860596,1.0628561468821067,1.5326693922677925,2.33,0,PD20399
wnon,2.219665723815005,1.5944493973587308,3.0900422011766717,2.33,0,PD20399
wspl,2.4290645221286025,1.5026807005786829,3.926552360985023,2.33,0,PD20399
wtru,2.2783856895035908,1.7059985821709465,3.0428169193018677,2.33,0,PD20399
wall,1.3612869014609332,1.1373284605140954,1.629346395896458,2.33,0,PD20399
wmis,1.27632561860596,1.0628561468821067,1.5326693922677925,2.38,0,PD20399
wnon,2.219665723815005,1.5944493973587308,3.0900422011766717,2.38,0,PD20399
wspl,2.4290645221286025,1.5026807005786829,3.926552360985023,2.38,0,PD20399
wtru,2.2783856895035908,1.7059985821709465,3.0428169193018677,2.38,0,PD20399
wall,1.3612869014609332,1.1373284605140954,1.629346395896458,2.38,0,PD20399
wmis,1.27632561860596,1.0628561468821067,1.5326693922677925,2.43,0,PD20399
wnon,2.219665723815005,1.5944493973587308,3.0900422011766717,2.43,0,PD20399
wspl,2.4290645221286025,1.5026807005786829,3.926552360985023,2.43,0,PD20399
wtru,2.2783856895035908,1.7059985821709465,3.0428169193018677,2.43,0,PD20399
wall,1.3612869014609332,1.1373284605140954,1.629346395896458,2.43,0,PD20399
wmis,1.27632561860596,1.0628561468821067,1.5326693922677925,2.48,0,PD20399
wnon,2.219665723815005,1.5944493973587308,3.0900422011766717,2.48,0,PD20399
wspl,2.4290645221286025,1.5026807005786829,3.926552360985023,2.48,0,PD20399
wtru,2.2783856895035908,1.7059985821709465,3.0428169193018677,2.48,0,PD20399
wall,1.3612869014609332,1.1373284605140954,1.629346395896458,2.48,0,PD20399
wmis,2.6440375418220547,0.2936179987502649,23.80962526929595,0.03,0,PD21910
wnon,2.0691691502206003e-9,0,Inf,0.03,0,PD21910
wspl,4.993679561506505e-7,0,Inf,0.03,0,PD21910
wtru,2.7750442416519097e-8,0,Inf,0.03,0,PD21910
wall,2.1569580045717047,0.24413423436587647,19.057007082888013,0.03,0,PD21910
wmis,1.8576816263775175,0.990821162866703,3.4829504599962666,0.08,0,PD21910
wnon,0.5228356589004752,0.06556069842606357,4.169527365944307,0.08,0,PD21910
wspl,3.3091774848361437,0.37850062977011184,28.931670821254684,0.08,0,PD21910
wtru,0.9194587830225883,0.19866856162147212,4.255350956273333,0.08,0,PD21910
wall,1.7644879944065865,0.9458235324768556,3.2917534566429962,0.08,0,PD21910
wmis,1.6052195275082732,0.9628757323572206,2.676077135297386,0.13,0,PD21910
wnon,1.4709189707297867,0.4727855147276696,4.576287874849629,0.13,0,PD21910
wspl,3.972226304480241,0.8313693398014852,18.97902780221889,0.13,0,PD21910
wtru,1.9007944807982768,0.7257827723011594,4.978100605471508,0.13,0,PD21910
wall,1.6219165501156088,0.9789037149397635,2.687305457514575,0.13,0,PD21910
wmis,1.4594400793439366,0.9289243050159827,2.2929374693870117,0.18000000000000002,0,PD21910
wnon,1.504260387831433,0.5827636956546615,3.8828762520232214,0.18000000000000002,0,PD21910
wspl,3.706800806917858,0.9987026116546522,13.758221979015165,0.18000000000000002,0,PD21910
wtru,1.9041229645430888,0.8460738993389186,4.285304471551831,0.18000000000000002,0,PD21910
wall,1.4868448380971653,0.9517024339554002,2.3228978866726178,0.18000000000000002,0,PD21910
wmis,1.3900541153806796,0.9104730985194429,2.122248803208875,0.23,0,PD21910
wnon,1.5913638159423449,0.6875186065873111,3.6834476484368075,0.23,0,PD21910
wspl,4.261581816879777,1.3480959700515114,13.471651859671676,0.23,0,PD21910
wtru,2.0562808414674816,0.9997284369266942,4.2294394585639425,0.23,0,PD21910
wall,1.4369036654205298,0.9470127622643397,2.1802157541807623,0.23,0,PD21910
wmis,1.4667628432175732,0.9704238364564515,2.216962483217244,0.28,0,PD21910
wnon,1.6247347132236423,0.704138888957971,3.7489235856016956,0.28,0,PD21910
wspl,5.914425433882076,2.2119110257056516,15.814572921978904,0.28,0,PD21910
wtru,2.449918968766301,1.2384093925487243,4.846622602860136,0.28,0,PD21910
wall,1.535449759977568,1.0221295211230148,2.306562834448678,0.28,0,PD21910
wmis,1.5074096603701246,0.9996618105906168,2.2730526064956624,0.33000000000000007,0,PD21910
wnon,1.733792971441181,0.7787109854929274,3.860274381407378,0.33000000000000007,0,PD21910
wspl,5.997719388557517,2.246359021360716,16.01375270907879,0.33000000000000007,0,PD21910
wtru,2.514749367452372,1.290788441997511,4.899303538320884,0.33000000000000007,0,PD21910
wall,1.5804155636455157,1.0541942466192569,2.3693103636478785,0.33000000000000007,0,PD21910
wmis,1.502629531590217,1.008757817973483,2.238292947005826,0.38,0,PD21910
wnon,1.6118549079530433,0.7313755909043937,3.552314674707181,0.38,0,PD21910
wspl,5.469263167724141,2.0630520469528477,14.499314082747222,0.38,0,PD21910
wtru,2.316623534065624,1.2013175728185548,4.467382081155392,0.38,0,PD21910
wall,1.5596007890023382,1.0526542229284535,2.310687183004858,0.38,0,PD21910
wmis,1.5303136443364518,1.033884997123672,2.265106715502693,0.43000000000000005,0,PD21910
wnon,1.6156605093425016,0.7347939497962244,3.5525045928491727,0.43000000000000005,0,PD21910
wspl,5.013043066794919,1.8956817248414597,13.25676164950228,0.43000000000000005,0,PD21910
wtru,2.2734958197071946,1.1822169983999053,4.372110407160343,0.43000000000000005,0,PD21910
wall,1.5832127452906426,1.075148966868885,2.331363070691961,0.43000000000000005,0,PD21910
wmis,1.5303136443364518,1.033884997123672,2.265106715502693,0.48,0,PD21910
wnon,1.6156605093425016,0.7347939497962244,3.5525045928491727,0.48,0,PD21910
wspl,5.013043066794919,1.8956817248414597,13.25676164950228,0.48,0,PD21910
wtru,2.2734958197071946,1.1822169983999053,4.372110407160343,0.48,0,PD21910
wall,1.5832127452906426,1.075148966868885,2.331363070691961,0.48,0,PD21910
wmis,1.5904909179568976,1.0759524770613658,2.351090233104318,0.53,0,PD21910
wnon,1.6601558211468805,0.7546211209192657,3.652319387947188,0.53,0,PD21910
wspl,4.767315388394692,1.8135640157159498,12.531841068456941,0.53,0,PD21910
wtru,2.3014225473901693,1.1979150108232979,4.421470382941165,0.53,0,PD21910
wall,1.6427229925945837,1.116800339986094,2.4163126870399285,0.53,0,PD21910
wmis,1.5493498453588428,1.0529422751831212,2.279787790737144,0.5800000000000001,0,PD21910
wnon,1.6168880152399756,0.7368500705973591,3.547976661937824,0.5800000000000001,0,PD21910
wspl,4.658168724601464,1.775767788037536,12.219241734773806,0.5800000000000001,0,PD21910
wtru,2.242114314532612,1.1703516553614433,4.295355653493322,0.5800000000000001,0,PD21910
wall,1.5999342491083939,1.0926809863663716,2.342668750906363,0.5800000000000001,0,PD21910
wmis,1.5152834919669969,1.0345412217134993,2.219422496500156,0.6300000000000001,0,PD21910
wnon,1.5642976989930275,0.715095880161349,3.4219569136977146,0.6300000000000001,0,PD21910
wspl,4.276659232668754,1.6380337518265593,11.165712655173351,0.6300000000000001,0,PD21910
wtru,2.141436442187756,1.1218777995491434,4.087566433503419,0.6300000000000001,0,PD21910
wall,1.5596046946478521,1.0698055604263677,2.27365316983229,0.6300000000000001,0,PD21910
wmis,1.4746923909690912,1.0110252479379656,2.1510023141534558,0.68,0,PD21910
wnon,1.5228590688713648,0.6978221637737472,3.323339188744477,0.68,0,PD21910
wspl,4.176197031724915,1.6025871283154558,10.882791543521591,0.68,0,PD21910
wtru,2.085338813898784,1.0953496928110682,3.9700910104722724,0.68,0,PD21910
wall,1.5177134738901505,1.0453924083560246,2.2034349689320023,0.68,0,PD21910
wmis,1.4814972183741864,1.0162417585479897,2.1597557762106123,0.7300000000000001,0,PD21910
wnon,1.6732807549809494,0.7882080152704771,3.5521948911276024,0.7300000000000001,0,PD21910
wspl,4.193685537894429,1.6098956212160735,10.92430972478832,0.7300000000000001,0,PD21910
wtru,2.205253931871665,1.1726827140668281,4.147025316993204,0.7300000000000001,0,PD21910
wall,1.5339634242974753,1.0572736563318132,2.225576862707682,0.7300000000000001,0,PD21910
wmis,1.458360318834697,1.004576168417802,2.1171264921617166,0.78,0,PD21910
wnon,1.6535435318109695,0.7801214868865456,3.5048466906174762,0.78,0,PD21910
wspl,4.101420552227785,1.5791792930648565,10.652147365476893,0.78,0,PD21910
wtru,2.174980899796121,1.1590106404932108,4.0815344995149365,0.78,0,PD21910
wall,1.5097723973791222,1.0449247532274157,2.1814132403769504,0.78,0,PD21910
wmis,1.458360318834697,1.004576168417802,2.1171264921617166,0.8300000000000001,0,PD21910
wnon,1.6535435318109695,0.7801214868865456,3.5048466906174762,0.8300000000000001,0,PD21910
wspl,4.101420552227785,1.5791792930648565,10.652147365476893,0.8300000000000001,0,PD21910
wtru,2.174980899796121,1.1590106404932108,4.0815344995149365,0.8300000000000001,0,PD21910
wall,1.5097723973791222,1.0449247532274157,2.1814132403769504,0.8300000000000001,0,PD21910
wmis,1.458360318834697,1.004576168417802,2.1171264921617166,0.8800000000000001,0,PD21910
wnon,1.6535435318109695,0.7801214868865456,3.5048466906174762,0.8800000000000001,0,PD21910
wspl,4.101420552227785,1.5791792930648565,10.652147365476893,0.8800000000000001,0,PD21910
wtru,2.174980899796121,1.1590106404932108,4.0815344995149365,0.8800000000000001,0,PD21910
wall,1.5097723973791222,1.0449247532274157,2.1814132403769504,0.8800000000000001,0,PD21910
wmis,1.458360318834697,1.004576168417802,2.1171264921617166,0.93,0,PD21910
wnon,1.6535435318109695,0.7801214868865456,3.5048466906174762,0.93,0,PD21910
wspl,4.101420552227785,1.5791792930648565,10.652147365476893,0.93,0,PD21910
wtru,2.174980899796121,1.1590106404932108,4.0815344995149365,0.93,0,PD21910
wall,1.5097723973791222,1.0449247532274157,2.1814132403769504,0.93,0,PD21910
wmis,1.458360318834697,1.004576168417802,2.1171264921617166,0.9800000000000001,0,PD21910
wnon,1.6535435318109695,0.7801214868865456,3.5048466906174762,0.9800000000000001,0,PD21910
wspl,4.101420552227785,1.5791792930648565,10.652147365476893,0.9800000000000001,0,PD21910
wtru,2.174980899796121,1.1590106404932108,4.0815344995149365,0.9800000000000001,0,PD21910
wall,1.5097723973791222,1.0449247532274157,2.1814132403769504,0.9800000000000001,0,PD21910
wmis,1.458360318834697,1.004576168417802,2.1171264921617166,1.03,0,PD21910
wnon,1.6535435318109695,0.7801214868865456,3.5048466906174762,1.03,0,PD21910
wspl,4.101420552227785,1.5791792930648565,10.652147365476893,1.03,0,PD21910
wtru,2.174980899796121,1.1590106404932108,4.0815344995149365,1.03,0,PD21910
wall,1.5097723973791222,1.0449247532274157,2.1814132403769504,1.03,0,PD21910
wmis,1.458360318834697,1.004576168417802,2.1171264921617166,1.08,0,PD21910
wnon,1.6535435318109695,0.7801214868865456,3.5048466906174762,1.08,0,PD21910
wspl,4.101420552227785,1.5791792930648565,10.652147365476893,1.08,0,PD21910
wtru,2.174980899796121,1.1590106404932108,4.0815344995149365,1.08,0,PD21910
wall,1.5097723973791222,1.0449247532274157,2.1814132403769504,1.08,0,PD21910
wmis,1.458360318834697,1.004576168417802,2.1171264921617166,1.1300000000000001,0,PD21910
wnon,1.6535435318109695,0.7801214868865456,3.5048466906174762,1.1300000000000001,0,PD21910
wspl,4.101420552227785,1.5791792930648565,10.652147365476893,1.1300000000000001,0,PD21910
wtru,2.174980899796121,1.1590106404932108,4.0815344995149365,1.1300000000000001,0,PD21910
wall,1.5097723973791222,1.0449247532274157,2.1814132403769504,1.1300000000000001,0,PD21910
wmis,1.458360318834697,1.004576168417802,2.1171264921617166,1.1800000000000002,0,PD21910
wnon,1.6535435318109695,0.7801214868865456,3.5048466906174762,1.1800000000000002,0,PD21910
wspl,4.101420552227785,1.5791792930648565,10.652147365476893,1.1800000000000002,0,PD21910
wtru,2.174980899796121,1.1590106404932108,4.0815344995149365,1.1800000000000002,0,PD21910
wall,1.5097723973791222,1.0449247532274157,2.1814132403769504,1.1800000000000002,0,PD21910
wmis,1.458360318834697,1.004576168417802,2.1171264921617166,1.2300000000000002,0,PD21910
wnon,1.6535435318109695,0.7801214868865456,3.5048466906174762,1.2300000000000002,0,PD21910
wspl,4.101420552227785,1.5791792930648565,10.652147365476893,1.2300000000000002,0,PD21910
wtru,2.174980899796121,1.1590106404932108,4.0815344995149365,1.2300000000000002,0,PD21910
wall,1.5097723973791222,1.0449247532274157,2.1814132403769504,1.2300000000000002,0,PD21910
wmis,1.458360318834697,1.004576168417802,2.1171264921617166,1.28,0,PD21910
wnon,1.6535435318109695,0.7801214868865456,3.5048466906174762,1.28,0,PD21910
wspl,4.101420552227785,1.5791792930648565,10.652147365476893,1.28,0,PD21910
wtru,2.174980899796121,1.1590106404932108,4.0815344995149365,1.28,0,PD21910
wall,1.5097723973791222,1.0449247532274157,2.1814132403769504,1.28,0,PD21910
wmis,1.458360318834697,1.004576168417802,2.1171264921617166,1.33,0,PD21910
wnon,1.6535435318109695,0.7801214868865456,3.5048466906174762,1.33,0,PD21910
wspl,4.101420552227785,1.5791792930648565,10.652147365476893,1.33,0,PD21910
wtru,2.174980899796121,1.1590106404932108,4.0815344995149365,1.33,0,PD21910
wall,1.5097723973791222,1.0449247532274157,2.1814132403769504,1.33,0,PD21910
wmis,1.458360318834697,1.004576168417802,2.1171264921617166,1.3800000000000001,0,PD21910
wnon,1.6535435318109695,0.7801214868865456,3.5048466906174762,1.3800000000000001,0,PD21910
wspl,4.101420552227785,1.5791792930648565,10.652147365476893,1.3800000000000001,0,PD21910
wtru,2.174980899796121,1.1590106404932108,4.0815344995149365,1.3800000000000001,0,PD21910
wall,1.5097723973791222,1.0449247532274157,2.1814132403769504,1.3800000000000001,0,PD21910
wmis,1.458360318834697,1.004576168417802,2.1171264921617166,1.4300000000000002,0,PD21910
wnon,1.6535435318109695,0.7801214868865456,3.5048466906174762,1.4300000000000002,0,PD21910
wspl,4.101420552227785,1.5791792930648565,10.652147365476893,1.4300000000000002,0,PD21910
wtru,2.174980899796121,1.1590106404932108,4.0815344995149365,1.4300000000000002,0,PD21910
wall,1.5097723973791222,1.0449247532274157,2.1814132403769504,1.4300000000000002,0,PD21910
wmis,1.458360318834697,1.004576168417802,2.1171264921617166,1.4800000000000002,0,PD21910
wnon,1.6535435318109695,0.7801214868865456,3.5048466906174762,1.4800000000000002,0,PD21910
wspl,4.101420552227785,1.5791792930648565,10.652147365476893,1.4800000000000002,0,PD21910
wtru,2.174980899796121,1.1590106404932108,4.0815344995149365,1.4800000000000002,0,PD21910
wall,1.5097723973791222,1.0449247532274157,2.1814132403769504,1.4800000000000002,0,PD21910
wmis,1.458360318834697,1.004576168417802,2.1171264921617166,1.53,0,PD21910
wnon,1.6535435318109695,0.7801214868865456,3.5048466906174762,1.53,0,PD21910
wspl,4.101420552227785,1.5791792930648565,10.652147365476893,1.53,0,PD21910
wtru,2.174980899796121,1.1590106404932108,4.0815344995149365,1.53,0,PD21910
wall,1.5097723973791222,1.0449247532274157,2.1814132403769504,1.53,0,PD21910
wmis,1.458360318834697,1.004576168417802,2.1171264921617166,1.58,0,PD21910
wnon,1.6535435318109695,0.7801214868865456,3.5048466906174762,1.58,0,PD21910
wspl,4.101420552227785,1.5791792930648565,10.652147365476893,1.58,0,PD21910
wtru,2.174980899796121,1.1590106404932108,4.0815344995149365,1.58,0,PD21910
wall,1.5097723973791222,1.0449247532274157,2.1814132403769504,1.58,0,PD21910
wmis,1.458360318834697,1.004576168417802,2.1171264921617166,1.6300000000000001,0,PD21910
wnon,1.6535435318109695,0.7801214868865456,3.5048466906174762,1.6300000000000001,0,PD21910
wspl,4.101420552227785,1.5791792930648565,10.652147365476893,1.6300000000000001,0,PD21910
wtru,2.174980899796121,1.1590106404932108,4.0815344995149365,1.6300000000000001,0,PD21910
wall,1.5097723973791222,1.0449247532274157,2.1814132403769504,1.6300000000000001,0,PD21910
wmis,1.458360318834697,1.004576168417802,2.1171264921617166,1.6800000000000002,0,PD21910
wnon,1.6535435318109695,0.7801214868865456,3.5048466906174762,1.6800000000000002,0,PD21910
wspl,4.101420552227785,1.5791792930648565,10.652147365476893,1.6800000000000002,0,PD21910
wtru,2.174980899796121,1.1590106404932108,4.0815344995149365,1.6800000000000002,0,PD21910
wall,1.5097723973791222,1.0449247532274157,2.1814132403769504,1.6800000000000002,0,PD21910
wmis,1.458360318834697,1.004576168417802,2.1171264921617166,1.7300000000000002,0,PD21910
wnon,1.6535435318109695,0.7801214868865456,3.5048466906174762,1.7300000000000002,0,PD21910
wspl,4.101420552227785,1.5791792930648565,10.652147365476893,1.7300000000000002,0,PD21910
wtru,2.174980899796121,1.1590106404932108,4.0815344995149365,1.7300000000000002,0,PD21910
wall,1.5097723973791222,1.0449247532274157,2.1814132403769504,1.7300000000000002,0,PD21910
wmis,1.458360318834697,1.004576168417802,2.1171264921617166,1.78,0,PD21910
wnon,1.6535435318109695,0.7801214868865456,3.5048466906174762,1.78,0,PD21910
wspl,4.101420552227785,1.5791792930648565,10.652147365476893,1.78,0,PD21910
wtru,2.174980899796121,1.1590106404932108,4.0815344995149365,1.78,0,PD21910
wall,1.5097723973791222,1.0449247532274157,2.1814132403769504,1.78,0,PD21910
wmis,1.458360318834697,1.004576168417802,2.1171264921617166,1.83,0,PD21910
wnon,1.6535435318109695,0.7801214868865456,3.5048466906174762,1.83,0,PD21910
wspl,4.101420552227785,1.5791792930648565,10.652147365476893,1.83,0,PD21910
wtru,2.174980899796121,1.1590106404932108,4.0815344995149365,1.83,0,PD21910
wall,1.5097723973791222,1.0449247532274157,2.1814132403769504,1.83,0,PD21910
wmis,1.458360318834697,1.004576168417802,2.1171264921617166,1.8800000000000001,0,PD21910
wnon,1.6535435318109695,0.7801214868865456,3.5048466906174762,1.8800000000000001,0,PD21910
wspl,4.101420552227785,1.5791792930648565,10.652147365476893,1.8800000000000001,0,PD21910
wtru,2.174980899796121,1.1590106404932108,4.0815344995149365,1.8800000000000001,0,PD21910
wall,1.5097723973791222,1.0449247532274157,2.1814132403769504,1.8800000000000001,0,PD21910
wmis,1.458360318834697,1.004576168417802,2.1171264921617166,1.9300000000000002,0,PD21910
wnon,1.6535435318109695,0.7801214868865456,3.5048466906174762,1.9300000000000002,0,PD21910
wspl,4.101420552227785,1.5791792930648565,10.652147365476893,1.9300000000000002,0,PD21910
wtru,2.174980899796121,1.1590106404932108,4.0815344995149365,1.9300000000000002,0,PD21910
wall,1.5097723973791222,1.0449247532274157,2.1814132403769504,1.9300000000000002,0,PD21910
wmis,1.458360318834697,1.004576168417802,2.1171264921617166,1.9800000000000002,0,PD21910
wnon,1.6535435318109695,0.7801214868865456,3.5048466906174762,1.9800000000000002,0,PD21910
wspl,4.101420552227785,1.5791792930648565,10.652147365476893,1.9800000000000002,0,PD21910
wtru,2.174980899796121,1.1590106404932108,4.0815344995149365,1.9800000000000002,0,PD21910
wall,1.5097723973791222,1.0449247532274157,2.1814132403769504,1.9800000000000002,0,PD21910
wmis,1.458360318834697,1.004576168417802,2.1171264921617166,2.03,0,PD21910
wnon,1.6535435318109695,0.7801214868865456,3.5048466906174762,2.03,0,PD21910
wspl,4.101420552227785,1.5791792930648565,10.652147365476893,2.03,0,PD21910
wtru,2.174980899796121,1.1590106404932108,4.0815344995149365,2.03,0,PD21910
wall,1.5097723973791222,1.0449247532274157,2.1814132403769504,2.03,0,PD21910
wmis,1.458360318834697,1.004576168417802,2.1171264921617166,2.08,0,PD21910
wnon,1.6535435318109695,0.7801214868865456,3.5048466906174762,2.08,0,PD21910
wspl,4.101420552227785,1.5791792930648565,10.652147365476893,2.08,0,PD21910
wtru,2.174980899796121,1.1590106404932108,4.0815344995149365,2.08,0,PD21910
wall,1.5097723973791222,1.0449247532274157,2.1814132403769504,2.08,0,PD21910
wmis,1.458360318834697,1.004576168417802,2.1171264921617166,2.13,0,PD21910
wnon,1.6535435318109695,0.7801214868865456,3.5048466906174762,2.13,0,PD21910
wspl,4.101420552227785,1.5791792930648565,10.652147365476893,2.13,0,PD21910
wtru,2.174980899796121,1.1590106404932108,4.0815344995149365,2.13,0,PD21910
wall,1.5097723973791222,1.0449247532274157,2.1814132403769504,2.13,0,PD21910
wmis,1.458360318834697,1.004576168417802,2.1171264921617166,2.1799999999999997,0,PD21910
wnon,1.6535435318109695,0.7801214868865456,3.5048466906174762,2.1799999999999997,0,PD21910
wspl,4.101420552227785,1.5791792930648565,10.652147365476893,2.1799999999999997,0,PD21910
wtru,2.174980899796121,1.1590106404932108,4.0815344995149365,2.1799999999999997,0,PD21910
wall,1.5097723973791222,1.0449247532274157,2.1814132403769504,2.1799999999999997,0,PD21910
wmis,1.458360318834697,1.004576168417802,2.1171264921617166,2.23,0,PD21910
wnon,1.6535435318109695,0.7801214868865456,3.5048466906174762,2.23,0,PD21910
wspl,4.101420552227785,1.5791792930648565,10.652147365476893,2.23,0,PD21910
wtru,2.174980899796121,1.1590106404932108,4.0815344995149365,2.23,0,PD21910
wall,1.5097723973791222,1.0449247532274157,2.1814132403769504,2.23,0,PD21910
wmis,1.458360318834697,1.004576168417802,2.1171264921617166,2.28,0,PD21910
wnon,1.6535435318109695,0.7801214868865456,3.5048466906174762,2.28,0,PD21910
wspl,4.101420552227785,1.5791792930648565,10.652147365476893,2.28,0,PD21910
wtru,2.174980899796121,1.1590106404932108,4.0815344995149365,2.28,0,PD21910
wall,1.5097723973791222,1.0449247532274157,2.1814132403769504,2.28,0,PD21910
wmis,1.458360318834697,1.004576168417802,2.1171264921617166,2.33,0,PD21910
wnon,1.6535435318109695,0.7801214868865456,3.5048466906174762,2.33,0,PD21910
wspl,4.101420552227785,1.5791792930648565,10.652147365476893,2.33,0,PD21910
wtru,2.174980899796121,1.1590106404932108,4.0815344995149365,2.33,0,PD21910
wall,1.5097723973791222,1.0449247532274157,2.1814132403769504,2.33,0,PD21910
wmis,1.458360318834697,1.004576168417802,2.1171264921617166,2.38,0,PD21910
wnon,1.6535435318109695,0.7801214868865456,3.5048466906174762,2.38,0,PD21910
wspl,4.101420552227785,1.5791792930648565,10.652147365476893,2.38,0,PD21910
wtru,2.174980899796121,1.1590106404932108,4.0815344995149365,2.38,0,PD21910
wall,1.5097723973791222,1.0449247532274157,2.1814132403769504,2.38,0,PD21910
wmis,1.458360318834697,1.004576168417802,2.1171264921617166,2.43,0,PD21910
wnon,1.6535435318109695,0.7801214868865456,3.5048466906174762,2.43,0,PD21910
wspl,4.101420552227785,1.5791792930648565,10.652147365476893,2.43,0,PD21910
wtru,2.174980899796121,1.1590106404932108,4.0815344995149365,2.43,0,PD21910
wall,1.5097723973791222,1.0449247532274157,2.1814132403769504,2.43,0,PD21910
wmis,1.458360318834697,1.004576168417802,2.1171264921617166,2.48,0,PD21910
wnon,1.6535435318109695,0.7801214868865456,3.5048466906174762,2.48,0,PD21910
wspl,4.101420552227785,1.5791792930648565,10.652147365476893,2.48,0,PD21910
wtru,2.174980899796121,1.1590106404932108,4.0815344995149365,2.48,0,PD21910
wall,1.5097723973791222,1.0449247532274157,2.1814132403769504,2.48,0,PD21910
